Using pre-set license
Built from '6000.0/release' branch; Version is '6000.0.35f1 (9a3bc604008a) revision 10107846'; Using compiler version '193933523'; Build Type 'Release'
OS: 'Windows 11  (10.0.26100) 64bit Education' Language: 'pt' Physical Memory: 16068 MB
BatchMode: 1, IsHumanControllingUs: 0, StartBugReporterOnCrash: 0, Is64bit: 1, IsPro: 1

COMMAND LINE ARGUMENTS:
C:\Program Files\Unity\Hub\Editor\6000.0.35f1\Editor\Unity.exe
-adb2
-batchMode
-noUpm
-name
AssetImportWorker1
-projectPath
C:/Users/Gabriel.dias1/Documents/GitHub/ProjetosPuc/Projetos XP/My project
-logFile
Logs/AssetImportWorker1.log
-srvPort
59996
-job-worker-count
7
-background-job-worker-count
8
-gc-helper-count
1
Successfully changed project path to: C:/Users/Gabriel.dias1/Documents/GitHub/ProjetosPuc/Projetos XP/My project
C:/Users/Gabriel.dias1/Documents/GitHub/ProjetosPuc/Projetos XP/My project
[UnityMemory] Configuration Parameters - Can be set up in boot.config
    "memorysetup-bucket-allocator-granularity=16"
    "memorysetup-bucket-allocator-bucket-count=8"
    "memorysetup-bucket-allocator-block-size=33554432"
    "memorysetup-bucket-allocator-block-count=8"
    "memorysetup-main-allocator-block-size=16777216"
    "memorysetup-thread-allocator-block-size=16777216"
    "memorysetup-gfx-main-allocator-block-size=16777216"
    "memorysetup-gfx-thread-allocator-block-size=16777216"
    "memorysetup-cache-allocator-block-size=4194304"
    "memorysetup-typetree-allocator-block-size=2097152"
    "memorysetup-profiler-bucket-allocator-granularity=16"
    "memorysetup-profiler-bucket-allocator-bucket-count=8"
    "memorysetup-profiler-bucket-allocator-block-size=33554432"
    "memorysetup-profiler-bucket-allocator-block-count=8"
    "memorysetup-profiler-allocator-block-size=16777216"
    "memorysetup-profiler-editor-allocator-block-size=1048576"
    "memorysetup-temp-allocator-size-main=16777216"
    "memorysetup-job-temp-allocator-block-size=2097152"
    "memorysetup-job-temp-allocator-block-size-background=1048576"
    "memorysetup-job-temp-allocator-reduction-small-platforms=262144"
    "memorysetup-allocator-temp-initial-block-size-main=262144"
    "memorysetup-allocator-temp-initial-block-size-worker=262144"
    "memorysetup-temp-allocator-size-background-worker=32768"
    "memorysetup-temp-allocator-size-job-worker=262144"
    "memorysetup-temp-allocator-size-preload-manager=33554432"
    "memorysetup-temp-allocator-size-nav-mesh-worker=65536"
    "memorysetup-temp-allocator-size-audio-worker=65536"
    "memorysetup-temp-allocator-size-cloud-worker=32768"
    "memorysetup-temp-allocator-size-gi-baking-worker=262144"
    "memorysetup-temp-allocator-size-gi-baking-worker=262144"
    "memorysetup-temp-allocator-size-gi-baking-worker=262144"
    "memorysetup-temp-allocator-size-gi-baking-worker=262144"
    "memorysetup-temp-allocator-size-gi-baking-worker=262144"
    "memorysetup-temp-allocator-size-gfx=262144"
Player connection [24028]  Target information:

Player connection [24028]  * "[IP] 192.168.140.1 [Port] 0 [Flags] 2 [Guid] 943499997 [EditorId] 943499997 [Version] 1048832 [Id] WindowsEditor(7,JOG001087751) [Debug] 1 [PackageName] WindowsEditor [ProjectName] Editor" 

Player connection [24028]  * "[IP] 192.168.49.1 [Port] 0 [Flags] 2 [Guid] 943499997 [EditorId] 943499997 [Version] 1048832 [Id] WindowsEditor(7,JOG001087751) [Debug] 1 [PackageName] WindowsEditor [ProjectName] Editor" 

Player connection [24028]  * "[IP] 10.151.62.104 [Port] 0 [Flags] 2 [Guid] 943499997 [EditorId] 943499997 [Version] 1048832 [Id] WindowsEditor(7,JOG001087751) [Debug] 1 [PackageName] WindowsEditor [ProjectName] Editor" 

Player connection [24028] Host joined multi-casting on [225.0.0.222:54997]...
Player connection [24028] Host joined alternative multi-casting on [225.0.0.222:34997]...
JobSystem: Creating JobQueue using job-worker-count value 7
Input System module state changed to: Initialized.
[Physics::Module] Initialized fallback backend.
[Physics::Module] Id: 0xdecafbad
Library Redirect Path: Library/
[Physics::Module] Selected backend.
[Physics::Module] Name: PhysX
[Physics::Module] Id: 0xf2b8ea05
[Physics::Module] SDK Version: 4.1.2
[Physics::Module] Integration Version: 1.0.0
[Physics::Module] Threading Mode: Multi-Threaded
Refreshing native plugins compatible for Editor in 63.84 ms, found 9 plugins.
Preloading 1 native plugins for Editor in 6.77 ms.
Initialize engine version: 6000.0.35f1 (9a3bc604008a)
[Subsystems] Discovering subsystems at path C:/Program Files/Unity/Hub/Editor/6000.0.35f1/Editor/Data/Resources/UnitySubsystems
[Subsystems] Discovering subsystems at path C:/Users/Gabriel.dias1/Documents/GitHub/ProjetosPuc/Projetos XP/My project/Assets
GfxDevice: creating device client; kGfxThreadingModeNonThreaded
Direct3D:
    Version:  Direct3D 11.0 [level 11.1]
    Renderer: NVIDIA GeForce RTX 3050 6GB Laptop GPU (ID=0x25ec)
    Vendor:   NVIDIA
    VRAM:     6002 MB
    Driver:   32.0.15.6103
Initialize mono
Mono path[0] = 'C:/Program Files/Unity/Hub/Editor/6000.0.35f1/Editor/Data/Managed'
Mono path[1] = 'C:/Program Files/Unity/Hub/Editor/6000.0.35f1/Editor/Data/MonoBleedingEdge/lib/mono/unityjit-win32'
Mono config path = 'C:/Program Files/Unity/Hub/Editor/6000.0.35f1/Editor/Data/MonoBleedingEdge/etc'
Using monoOptions --debugger-agent=transport=dt_socket,embedding=1,server=y,suspend=n,address=127.0.0.1:56120
Begin MonoManager ReloadAssembly
Registering precompiled unity dll's ...
Register platform support module: C:/Program Files/Unity/Hub/Editor/6000.0.35f1/Editor/Data/PlaybackEngines/WebGLSupport/UnityEditor.WebGL.Extensions.dll
Register platform support module: C:/Program Files/Unity/Hub/Editor/6000.0.35f1/Editor/Data/PlaybackEngines/WindowsStandaloneSupport/UnityEditor.WindowsStandalone.Extensions.dll
Register platform support module: C:/Program Files/Unity/Hub/Editor/6000.0.35f1/Editor/Data/PlaybackEngines/MetroSupport/UnityEditor.UWP.Extensions.dll
Register platform support module: C:/Program Files/Unity/Hub/Editor/6000.0.35f1/Editor/Data/PlaybackEngines/AndroidPlayer/UnityEditor.Android.Extensions.dll
Registered in 0.042053 seconds.
- Loaded All Assemblies, in  1.903 seconds
Native extension for Android target not found
Android Extension - Scanning For ADB Devices 3564 ms
Native extension for UWP target not found
Native extension for WindowsStandalone target not found
Native extension for WebGL target not found
Mono: successfully reloaded assembly
- Finished resetting the current domain, in  4.042 seconds
Domain Reload Profiling: 5942ms
	BeginReloadAssembly (1106ms)
		ExecutionOrderSort (0ms)
		DisableScriptedObjects (0ms)
		BackupInstance (0ms)
		ReleaseScriptingObjects (0ms)
		CreateAndSetChildDomain (1ms)
	RebuildCommonClasses (113ms)
	RebuildNativeTypeToScriptingClass (14ms)
	initialDomainReloadingComplete (102ms)
	LoadAllAssembliesAndSetupDomain (565ms)
		LoadAssemblies (1157ms)
		RebuildTransferFunctionScriptingTraits (0ms)
		AnalyzeDomain (506ms)
			TypeCache.Refresh (504ms)
				TypeCache.ScanAssembly (474ms)
			BuildScriptInfoCaches (0ms)
			ResolveRequiredComponents (0ms)
	FinalizeReload (4042ms)
		ReleaseScriptCaches (0ms)
		RebuildScriptCaches (0ms)
		SetupLoadedEditorAssemblies (3993ms)
			LogAssemblyErrors (0ms)
			InitializePlatformSupportModulesInManaged (3669ms)
			SetLoadedEditorAssemblies (4ms)
			BeforeProcessingInitializeOnLoad (60ms)
			ProcessInitializeOnLoadAttributes (173ms)
			ProcessInitializeOnLoadMethodAttributes (88ms)
			AfterProcessingInitializeOnLoad (0ms)
			EditorAssembliesLoaded (0ms)
		ExecutionOrderSort2 (0ms)
		AwakeInstancesAfterBackupRestoration (0ms)
========================================================================
Worker process is ready to serve import requests
Import Worker Mode flag is 0x00
Begin MonoManager ReloadAssembly
- Loaded All Assemblies, in  3.764 seconds
Refreshing native plugins compatible for Editor in 31.24 ms, found 9 plugins.
Native extension for Android target not found
Native extension for UWP target not found
Native extension for WindowsStandalone target not found
Native extension for WebGL target not found
Package Manager log level set to [2]
[Package Manager] Failed to launch server process. Reason: Unity was launched with the -noUpm command-line argument
[Package Manager] Unable to send message (not connected to server process).
[Package Manager] Cannot connect to Unity Package Manager local server
Mono: successfully reloaded assembly
- Finished resetting the current domain, in  1.039 seconds
Domain Reload Profiling: 4793ms
	BeginReloadAssembly (1783ms)
		ExecutionOrderSort (0ms)
		DisableScriptedObjects (6ms)
		BackupInstance (0ms)
		ReleaseScriptingObjects (0ms)
		CreateAndSetChildDomain (40ms)
	RebuildCommonClasses (93ms)
	RebuildNativeTypeToScriptingClass (14ms)
	initialDomainReloadingComplete (78ms)
	LoadAllAssembliesAndSetupDomain (1785ms)
		LoadAssemblies (3091ms)
		RebuildTransferFunctionScriptingTraits (0ms)
		AnalyzeDomain (396ms)
			TypeCache.Refresh (313ms)
				TypeCache.ScanAssembly (278ms)
			BuildScriptInfoCaches (70ms)
			ResolveRequiredComponents (11ms)
	FinalizeReload (1039ms)
		ReleaseScriptCaches (0ms)
		RebuildScriptCaches (0ms)
		SetupLoadedEditorAssemblies (728ms)
			LogAssemblyErrors (0ms)
			InitializePlatformSupportModulesInManaged (27ms)
			SetLoadedEditorAssemblies (4ms)
			BeforeProcessingInitializeOnLoad (100ms)
			ProcessInitializeOnLoadAttributes (377ms)
			ProcessInitializeOnLoadMethodAttributes (217ms)
			AfterProcessingInitializeOnLoad (4ms)
			EditorAssembliesLoaded (0ms)
		ExecutionOrderSort2 (0ms)
		AwakeInstancesAfterBackupRestoration (9ms)
Launched and connected shader compiler UnityShaderCompiler.exe after 0.13 seconds
Refreshing native plugins compatible for Editor in 28.65 ms, found 9 plugins.
Preloading 1 native plugins for Editor in 0.29 ms.
Unloading 242 Unused Serialized files (Serialized files now loaded: 0)
Unloading 6992 unused Assets / (5.5 MB). Loaded Objects now: 7703.
Memory consumption went from 180.5 MB to 175.1 MB.
Total: 8.076900 ms (FindLiveObjects: 0.536300 ms CreateObjectMapping: 0.390100 ms MarkObjects: 4.793900 ms  DeleteObjects: 2.355200 ms)

========================================================================
Received Prepare
Begin MonoManager ReloadAssembly
- Loaded All Assemblies, in  3.024 seconds
Refreshing native plugins compatible for Editor in 35.00 ms, found 9 plugins.
Native extension for Android target not found
Native extension for UWP target not found
Native extension for WindowsStandalone target not found
Native extension for WebGL target not found
[Package Manager] Failed to launch server process. Reason: Unity was launched with the -noUpm command-line argument
[Package Manager] Unable to send message (not connected to server process).
[Package Manager] Cannot connect to Unity Package Manager local server
Mono: successfully reloaded assembly
- Finished resetting the current domain, in  0.866 seconds
Domain Reload Profiling: 3888ms
	BeginReloadAssembly (1649ms)
		ExecutionOrderSort (0ms)
		DisableScriptedObjects (5ms)
		BackupInstance (0ms)
		ReleaseScriptingObjects (0ms)
		CreateAndSetChildDomain (42ms)
	RebuildCommonClasses (74ms)
	RebuildNativeTypeToScriptingClass (9ms)
	initialDomainReloadingComplete (76ms)
	LoadAllAssembliesAndSetupDomain (1213ms)
		LoadAssemblies (2506ms)
		RebuildTransferFunctionScriptingTraits (0ms)
		AnalyzeDomain (264ms)
			TypeCache.Refresh (8ms)
				TypeCache.ScanAssembly (0ms)
			BuildScriptInfoCaches (241ms)
			ResolveRequiredComponents (11ms)
	FinalizeReload (867ms)
		ReleaseScriptCaches (0ms)
		RebuildScriptCaches (0ms)
		SetupLoadedEditorAssemblies (597ms)
			LogAssemblyErrors (0ms)
			InitializePlatformSupportModulesInManaged (23ms)
			SetLoadedEditorAssemblies (3ms)
			BeforeProcessingInitializeOnLoad (106ms)
			ProcessInitializeOnLoadAttributes (387ms)
			ProcessInitializeOnLoadMethodAttributes (73ms)
			AfterProcessingInitializeOnLoad (5ms)
			EditorAssembliesLoaded (0ms)
		ExecutionOrderSort2 (0ms)
		AwakeInstancesAfterBackupRestoration (14ms)
Refreshing native plugins compatible for Editor in 26.30 ms, found 9 plugins.
Preloading 1 native plugins for Editor in 0.18 ms.
Unloading 27 Unused Serialized files (Serialized files now loaded: 0)
Unloading 6990 unused Assets / (4.9 MB). Loaded Objects now: 7718.
Memory consumption went from 154.9 MB to 150.0 MB.
Total: 10.204700 ms (FindLiveObjects: 0.577800 ms CreateObjectMapping: 0.366400 ms MarkObjects: 6.470900 ms  DeleteObjects: 2.786500 ms)

Prepare: number of updated asset objects reloaded= 0
========================================================================
Received Prepare
Begin MonoManager ReloadAssembly
- Loaded All Assemblies, in  1.929 seconds
Refreshing native plugins compatible for Editor in 26.53 ms, found 9 plugins.
Native extension for Android target not found
Native extension for UWP target not found
Native extension for WindowsStandalone target not found
Native extension for WebGL target not found
[Package Manager] Failed to launch server process. Reason: Unity was launched with the -noUpm command-line argument
[Package Manager] Unable to send message (not connected to server process).
[Package Manager] Cannot connect to Unity Package Manager local server
Mono: successfully reloaded assembly
- Finished resetting the current domain, in  0.775 seconds
Domain Reload Profiling: 2703ms
	BeginReloadAssembly (934ms)
		ExecutionOrderSort (0ms)
		DisableScriptedObjects (5ms)
		BackupInstance (0ms)
		ReleaseScriptingObjects (0ms)
		CreateAndSetChildDomain (45ms)
	RebuildCommonClasses (54ms)
	RebuildNativeTypeToScriptingClass (9ms)
	initialDomainReloadingComplete (48ms)
	LoadAllAssembliesAndSetupDomain (883ms)
		LoadAssemblies (1508ms)
		RebuildTransferFunctionScriptingTraits (0ms)
		AnalyzeDomain (214ms)
			TypeCache.Refresh (7ms)
				TypeCache.ScanAssembly (0ms)
			BuildScriptInfoCaches (194ms)
			ResolveRequiredComponents (10ms)
	FinalizeReload (776ms)
		ReleaseScriptCaches (0ms)
		RebuildScriptCaches (0ms)
		SetupLoadedEditorAssemblies (571ms)
			LogAssemblyErrors (0ms)
			InitializePlatformSupportModulesInManaged (20ms)
			SetLoadedEditorAssemblies (3ms)
			BeforeProcessingInitializeOnLoad (101ms)
			ProcessInitializeOnLoadAttributes (370ms)
			ProcessInitializeOnLoadMethodAttributes (72ms)
			AfterProcessingInitializeOnLoad (5ms)
			EditorAssembliesLoaded (0ms)
		ExecutionOrderSort2 (0ms)
		AwakeInstancesAfterBackupRestoration (14ms)
Refreshing native plugins compatible for Editor in 27.16 ms, found 9 plugins.
Preloading 1 native plugins for Editor in 0.23 ms.
Unloading 17 Unused Serialized files (Serialized files now loaded: 0)
Unloading 6990 unused Assets / (5.4 MB). Loaded Objects now: 7720.
Memory consumption went from 153.3 MB to 147.9 MB.
Total: 7.565600 ms (FindLiveObjects: 0.446500 ms CreateObjectMapping: 0.354100 ms MarkObjects: 4.536400 ms  DeleteObjects: 2.227400 ms)

Prepare: number of updated asset objects reloaded= 0
========================================================================
Received Prepare
Begin MonoManager ReloadAssembly
- Loaded All Assemblies, in  3.012 seconds
Refreshing native plugins compatible for Editor in 15.14 ms, found 9 plugins.
Native extension for Android target not found
Native extension for UWP target not found
Native extension for WindowsStandalone target not found
Native extension for WebGL target not found
[Package Manager] Failed to launch server process. Reason: Unity was launched with the -noUpm command-line argument
[Package Manager] Unable to send message (not connected to server process).
[Package Manager] Cannot connect to Unity Package Manager local server
Mono: successfully reloaded assembly
- Finished resetting the current domain, in  0.723 seconds
Domain Reload Profiling: 3735ms
	BeginReloadAssembly (1046ms)
		ExecutionOrderSort (0ms)
		DisableScriptedObjects (6ms)
		BackupInstance (0ms)
		ReleaseScriptingObjects (0ms)
		CreateAndSetChildDomain (41ms)
	RebuildCommonClasses (145ms)
	RebuildNativeTypeToScriptingClass (9ms)
	initialDomainReloadingComplete (55ms)
	LoadAllAssembliesAndSetupDomain (1756ms)
		LoadAssemblies (2486ms)
		RebuildTransferFunctionScriptingTraits (0ms)
		AnalyzeDomain (225ms)
			TypeCache.Refresh (7ms)
				TypeCache.ScanAssembly (0ms)
			BuildScriptInfoCaches (205ms)
			ResolveRequiredComponents (10ms)
	FinalizeReload (724ms)
		ReleaseScriptCaches (0ms)
		RebuildScriptCaches (0ms)
		SetupLoadedEditorAssemblies (556ms)
			LogAssemblyErrors (0ms)
			InitializePlatformSupportModulesInManaged (15ms)
			SetLoadedEditorAssemblies (3ms)
			BeforeProcessingInitializeOnLoad (89ms)
			ProcessInitializeOnLoadAttributes (375ms)
			ProcessInitializeOnLoadMethodAttributes (66ms)
			AfterProcessingInitializeOnLoad (7ms)
			EditorAssembliesLoaded (0ms)
		ExecutionOrderSort2 (0ms)
		AwakeInstancesAfterBackupRestoration (21ms)
Refreshing native plugins compatible for Editor in 33.60 ms, found 9 plugins.
Preloading 1 native plugins for Editor in 0.29 ms.
Unloading 17 Unused Serialized files (Serialized files now loaded: 0)
Unloading 6990 unused Assets / (5.1 MB). Loaded Objects now: 7722.
Memory consumption went from 155.2 MB to 150.1 MB.
Total: 10.502400 ms (FindLiveObjects: 0.716700 ms CreateObjectMapping: 0.861000 ms MarkObjects: 5.928600 ms  DeleteObjects: 2.994400 ms)

Prepare: number of updated asset objects reloaded= 0
========================================================================
Received Prepare
Begin MonoManager ReloadAssembly
- Loaded All Assemblies, in  1.292 seconds
Refreshing native plugins compatible for Editor in 16.11 ms, found 9 plugins.
Native extension for Android target not found
Native extension for UWP target not found
Native extension for WindowsStandalone target not found
Native extension for WebGL target not found
[Package Manager] Failed to launch server process. Reason: Unity was launched with the -noUpm command-line argument
[Package Manager] Unable to send message (not connected to server process).
[Package Manager] Cannot connect to Unity Package Manager local server
Mono: successfully reloaded assembly
- Finished resetting the current domain, in  0.685 seconds
Domain Reload Profiling: 1975ms
	BeginReloadAssembly (525ms)
		ExecutionOrderSort (0ms)
		DisableScriptedObjects (5ms)
		BackupInstance (0ms)
		ReleaseScriptingObjects (0ms)
		CreateAndSetChildDomain (43ms)
	RebuildCommonClasses (43ms)
	RebuildNativeTypeToScriptingClass (9ms)
	initialDomainReloadingComplete (36ms)
	LoadAllAssembliesAndSetupDomain (677ms)
		LoadAssemblies (930ms)
		RebuildTransferFunctionScriptingTraits (0ms)
		AnalyzeDomain (181ms)
			TypeCache.Refresh (7ms)
				TypeCache.ScanAssembly (0ms)
			BuildScriptInfoCaches (163ms)
			ResolveRequiredComponents (9ms)
	FinalizeReload (685ms)
		ReleaseScriptCaches (0ms)
		RebuildScriptCaches (0ms)
		SetupLoadedEditorAssemblies (510ms)
			LogAssemblyErrors (0ms)
			InitializePlatformSupportModulesInManaged (14ms)
			SetLoadedEditorAssemblies (3ms)
			BeforeProcessingInitializeOnLoad (88ms)
			ProcessInitializeOnLoadAttributes (328ms)
			ProcessInitializeOnLoadMethodAttributes (72ms)
			AfterProcessingInitializeOnLoad (4ms)
			EditorAssembliesLoaded (0ms)
		ExecutionOrderSort2 (0ms)
		AwakeInstancesAfterBackupRestoration (12ms)
Refreshing native plugins compatible for Editor in 26.01 ms, found 9 plugins.
Preloading 1 native plugins for Editor in 0.34 ms.
Unloading 17 Unused Serialized files (Serialized files now loaded: 0)
Unloading 6990 unused Assets / (5.2 MB). Loaded Objects now: 7724.
Memory consumption went from 155.3 MB to 150.1 MB.
Total: 8.590400 ms (FindLiveObjects: 0.636400 ms CreateObjectMapping: 0.414700 ms MarkObjects: 5.123500 ms  DeleteObjects: 2.413700 ms)

Prepare: number of updated asset objects reloaded= 0
========================================================================
Received Prepare
Begin MonoManager ReloadAssembly
- Loaded All Assemblies, in  1.367 seconds
Refreshing native plugins compatible for Editor in 17.89 ms, found 9 plugins.
Native extension for Android target not found
Native extension for UWP target not found
Native extension for WindowsStandalone target not found
Native extension for WebGL target not found
[Package Manager] Failed to launch server process. Reason: Unity was launched with the -noUpm command-line argument
[Package Manager] Unable to send message (not connected to server process).
[Package Manager] Cannot connect to Unity Package Manager local server
Mono: successfully reloaded assembly
- Finished resetting the current domain, in  0.687 seconds
Domain Reload Profiling: 2053ms
	BeginReloadAssembly (563ms)
		ExecutionOrderSort (1ms)
		DisableScriptedObjects (5ms)
		BackupInstance (0ms)
		ReleaseScriptingObjects (0ms)
		CreateAndSetChildDomain (35ms)
	RebuildCommonClasses (44ms)
	RebuildNativeTypeToScriptingClass (9ms)
	initialDomainReloadingComplete (33ms)
	LoadAllAssembliesAndSetupDomain (716ms)
		LoadAssemblies (985ms)
		RebuildTransferFunctionScriptingTraits (0ms)
		AnalyzeDomain (205ms)
			TypeCache.Refresh (10ms)
				TypeCache.ScanAssembly (0ms)
			BuildScriptInfoCaches (182ms)
			ResolveRequiredComponents (10ms)
	FinalizeReload (688ms)
		ReleaseScriptCaches (0ms)
		RebuildScriptCaches (0ms)
		SetupLoadedEditorAssemblies (512ms)
			LogAssemblyErrors (0ms)
			InitializePlatformSupportModulesInManaged (16ms)
			SetLoadedEditorAssemblies (3ms)
			BeforeProcessingInitializeOnLoad (104ms)
			ProcessInitializeOnLoadAttributes (317ms)
			ProcessInitializeOnLoadMethodAttributes (67ms)
			AfterProcessingInitializeOnLoad (5ms)
			EditorAssembliesLoaded (0ms)
		ExecutionOrderSort2 (0ms)
		AwakeInstancesAfterBackupRestoration (12ms)
Refreshing native plugins compatible for Editor in 15.60 ms, found 9 plugins.
Preloading 1 native plugins for Editor in 0.24 ms.
Unloading 17 Unused Serialized files (Serialized files now loaded: 0)
Unloading 6990 unused Assets / (5.7 MB). Loaded Objects now: 7726.
Memory consumption went from 157.2 MB to 151.5 MB.
Total: 7.491400 ms (FindLiveObjects: 0.516000 ms CreateObjectMapping: 0.313900 ms MarkObjects: 3.497700 ms  DeleteObjects: 3.162500 ms)

Prepare: number of updated asset objects reloaded= 0
========================================================================
Received Prepare
Begin MonoManager ReloadAssembly
- Loaded All Assemblies, in  1.285 seconds
Refreshing native plugins compatible for Editor in 13.72 ms, found 9 plugins.
Native extension for Android target not found
Native extension for UWP target not found
Native extension for WindowsStandalone target not found
Native extension for WebGL target not found
[Package Manager] Failed to launch server process. Reason: Unity was launched with the -noUpm command-line argument
[Package Manager] Unable to send message (not connected to server process).
[Package Manager] Cannot connect to Unity Package Manager local server
Mono: successfully reloaded assembly
- Finished resetting the current domain, in  0.620 seconds
Domain Reload Profiling: 1905ms
	BeginReloadAssembly (493ms)
		ExecutionOrderSort (0ms)
		DisableScriptedObjects (5ms)
		BackupInstance (0ms)
		ReleaseScriptingObjects (0ms)
		CreateAndSetChildDomain (40ms)
	RebuildCommonClasses (50ms)
	RebuildNativeTypeToScriptingClass (10ms)
	initialDomainReloadingComplete (41ms)
	LoadAllAssembliesAndSetupDomain (689ms)
		LoadAssemblies (862ms)
		RebuildTransferFunctionScriptingTraits (0ms)
		AnalyzeDomain (229ms)
			TypeCache.Refresh (6ms)
				TypeCache.ScanAssembly (0ms)
			BuildScriptInfoCaches (201ms)
			ResolveRequiredComponents (16ms)
	FinalizeReload (620ms)
		ReleaseScriptCaches (0ms)
		RebuildScriptCaches (0ms)
		SetupLoadedEditorAssemblies (458ms)
			LogAssemblyErrors (0ms)
			InitializePlatformSupportModulesInManaged (15ms)
			SetLoadedEditorAssemblies (3ms)
			BeforeProcessingInitializeOnLoad (86ms)
			ProcessInitializeOnLoadAttributes (290ms)
			ProcessInitializeOnLoadMethodAttributes (58ms)
			AfterProcessingInitializeOnLoad (6ms)
			EditorAssembliesLoaded (0ms)
		ExecutionOrderSort2 (0ms)
		AwakeInstancesAfterBackupRestoration (13ms)
Refreshing native plugins compatible for Editor in 15.93 ms, found 9 plugins.
Preloading 1 native plugins for Editor in 0.20 ms.
Unloading 17 Unused Serialized files (Serialized files now loaded: 0)
Unloading 6990 unused Assets / (5.2 MB). Loaded Objects now: 7728.
Memory consumption went from 157.2 MB to 152.0 MB.
Total: 7.248400 ms (FindLiveObjects: 0.538500 ms CreateObjectMapping: 0.367000 ms MarkObjects: 3.604100 ms  DeleteObjects: 2.737600 ms)

Prepare: number of updated asset objects reloaded= 0
========================================================================
Received Prepare
Begin MonoManager ReloadAssembly
- Loaded All Assemblies, in  1.102 seconds
Refreshing native plugins compatible for Editor in 11.86 ms, found 9 plugins.
Native extension for Android target not found
Native extension for UWP target not found
Native extension for WindowsStandalone target not found
Native extension for WebGL target not found
[Package Manager] Failed to launch server process. Reason: Unity was launched with the -noUpm command-line argument
[Package Manager] Unable to send message (not connected to server process).
[Package Manager] Cannot connect to Unity Package Manager local server
Mono: successfully reloaded assembly
- Finished resetting the current domain, in  0.643 seconds
Domain Reload Profiling: 1744ms
	BeginReloadAssembly (420ms)
		ExecutionOrderSort (0ms)
		DisableScriptedObjects (5ms)
		BackupInstance (0ms)
		ReleaseScriptingObjects (0ms)
		CreateAndSetChildDomain (47ms)
	RebuildCommonClasses (44ms)
	RebuildNativeTypeToScriptingClass (10ms)
	initialDomainReloadingComplete (31ms)
	LoadAllAssembliesAndSetupDomain (595ms)
		LoadAssemblies (720ms)
		RebuildTransferFunctionScriptingTraits (0ms)
		AnalyzeDomain (195ms)
			TypeCache.Refresh (6ms)
				TypeCache.ScanAssembly (0ms)
			BuildScriptInfoCaches (176ms)
			ResolveRequiredComponents (10ms)
	FinalizeReload (644ms)
		ReleaseScriptCaches (0ms)
		RebuildScriptCaches (0ms)
		SetupLoadedEditorAssemblies (480ms)
			LogAssemblyErrors (0ms)
			InitializePlatformSupportModulesInManaged (15ms)
			SetLoadedEditorAssemblies (3ms)
			BeforeProcessingInitializeOnLoad (87ms)
			ProcessInitializeOnLoadAttributes (306ms)
			ProcessInitializeOnLoadMethodAttributes (63ms)
			AfterProcessingInitializeOnLoad (6ms)
			EditorAssembliesLoaded (0ms)
		ExecutionOrderSort2 (0ms)
		AwakeInstancesAfterBackupRestoration (12ms)
Refreshing native plugins compatible for Editor in 18.27 ms, found 9 plugins.
Preloading 1 native plugins for Editor in 0.26 ms.
Unloading 17 Unused Serialized files (Serialized files now loaded: 0)
Unloading 6990 unused Assets / (5.7 MB). Loaded Objects now: 7730.
Memory consumption went from 157.2 MB to 151.5 MB.
Total: 8.208000 ms (FindLiveObjects: 0.583500 ms CreateObjectMapping: 0.316500 ms MarkObjects: 3.730500 ms  DeleteObjects: 3.576100 ms)

Prepare: number of updated asset objects reloaded= 0
========================================================================
Received Prepare
Begin MonoManager ReloadAssembly
- Loaded All Assemblies, in  1.471 seconds
Refreshing native plugins compatible for Editor in 16.31 ms, found 9 plugins.
Native extension for Android target not found
Native extension for UWP target not found
Native extension for WindowsStandalone target not found
Native extension for WebGL target not found
[Package Manager] Failed to launch server process. Reason: Unity was launched with the -noUpm command-line argument
[Package Manager] Unable to send message (not connected to server process).
[Package Manager] Cannot connect to Unity Package Manager local server
Mono: successfully reloaded assembly
- Finished resetting the current domain, in  0.651 seconds
Domain Reload Profiling: 2122ms
	BeginReloadAssembly (566ms)
		ExecutionOrderSort (0ms)
		DisableScriptedObjects (8ms)
		BackupInstance (0ms)
		ReleaseScriptingObjects (0ms)
		CreateAndSetChildDomain (44ms)
	RebuildCommonClasses (59ms)
	RebuildNativeTypeToScriptingClass (10ms)
	initialDomainReloadingComplete (46ms)
	LoadAllAssembliesAndSetupDomain (789ms)
		LoadAssemblies (1056ms)
		RebuildTransferFunctionScriptingTraits (0ms)
		AnalyzeDomain (200ms)
			TypeCache.Refresh (5ms)
				TypeCache.ScanAssembly (0ms)
			BuildScriptInfoCaches (182ms)
			ResolveRequiredComponents (10ms)
	FinalizeReload (652ms)
		ReleaseScriptCaches (0ms)
		RebuildScriptCaches (0ms)
		SetupLoadedEditorAssemblies (477ms)
			LogAssemblyErrors (0ms)
			InitializePlatformSupportModulesInManaged (15ms)
			SetLoadedEditorAssemblies (3ms)
			BeforeProcessingInitializeOnLoad (88ms)
			ProcessInitializeOnLoadAttributes (307ms)
			ProcessInitializeOnLoadMethodAttributes (59ms)
			AfterProcessingInitializeOnLoad (5ms)
			EditorAssembliesLoaded (0ms)
		ExecutionOrderSort2 (0ms)
		AwakeInstancesAfterBackupRestoration (17ms)
Refreshing native plugins compatible for Editor in 17.72 ms, found 9 plugins.
Preloading 1 native plugins for Editor in 0.19 ms.
Unloading 17 Unused Serialized files (Serialized files now loaded: 0)
Unloading 6990 unused Assets / (5.3 MB). Loaded Objects now: 7732.
Memory consumption went from 157.2 MB to 151.8 MB.
Total: 7.527300 ms (FindLiveObjects: 0.465800 ms CreateObjectMapping: 0.569200 ms MarkObjects: 3.851300 ms  DeleteObjects: 2.639500 ms)

Prepare: number of updated asset objects reloaded= 0
========================================================================
Received Prepare
Begin MonoManager ReloadAssembly
- Loaded All Assemblies, in  1.391 seconds
Refreshing native plugins compatible for Editor in 17.43 ms, found 9 plugins.
Native extension for Android target not found
Native extension for UWP target not found
Native extension for WindowsStandalone target not found
Native extension for WebGL target not found
[Package Manager] Failed to launch server process. Reason: Unity was launched with the -noUpm command-line argument
[Package Manager] Unable to send message (not connected to server process).
[Package Manager] Cannot connect to Unity Package Manager local server
Mono: successfully reloaded assembly
- Finished resetting the current domain, in  0.695 seconds
Domain Reload Profiling: 2084ms
	BeginReloadAssembly (513ms)
		ExecutionOrderSort (0ms)
		DisableScriptedObjects (5ms)
		BackupInstance (0ms)
		ReleaseScriptingObjects (0ms)
		CreateAndSetChildDomain (42ms)
	RebuildCommonClasses (47ms)
	RebuildNativeTypeToScriptingClass (9ms)
	initialDomainReloadingComplete (36ms)
	LoadAllAssembliesAndSetupDomain (783ms)
		LoadAssemblies (1001ms)
		RebuildTransferFunctionScriptingTraits (0ms)
		AnalyzeDomain (205ms)
			TypeCache.Refresh (7ms)
				TypeCache.ScanAssembly (0ms)
			BuildScriptInfoCaches (185ms)
			ResolveRequiredComponents (10ms)
	FinalizeReload (695ms)
		ReleaseScriptCaches (0ms)
		RebuildScriptCaches (0ms)
		SetupLoadedEditorAssemblies (521ms)
			LogAssemblyErrors (0ms)
			InitializePlatformSupportModulesInManaged (18ms)
			SetLoadedEditorAssemblies (3ms)
			BeforeProcessingInitializeOnLoad (94ms)
			ProcessInitializeOnLoadAttributes (329ms)
			ProcessInitializeOnLoadMethodAttributes (71ms)
			AfterProcessingInitializeOnLoad (5ms)
			EditorAssembliesLoaded (1ms)
		ExecutionOrderSort2 (0ms)
		AwakeInstancesAfterBackupRestoration (15ms)
Refreshing native plugins compatible for Editor in 18.47 ms, found 9 plugins.
Preloading 1 native plugins for Editor in 0.34 ms.
Unloading 17 Unused Serialized files (Serialized files now loaded: 0)
Unloading 6990 unused Assets / (5.3 MB). Loaded Objects now: 7734.
Memory consumption went from 157.2 MB to 151.9 MB.
Total: 8.167100 ms (FindLiveObjects: 0.728100 ms CreateObjectMapping: 0.365000 ms MarkObjects: 4.348100 ms  DeleteObjects: 2.724600 ms)

Prepare: number of updated asset objects reloaded= 0
========================================================================
Received Import Request.
  Time since last request: 7016.110402 seconds.
  path: Assets/Idle.prefab
  artifactKey: Guid(6ebb37412eff21f488e5c1e506ca4936) Importer(2089858483,192608db42251d675da83286b1cce702)
Start importing Assets/Idle.prefab using Guid(6ebb37412eff21f488e5c1e506ca4936) Importer(2089858483,192608db42251d675da83286b1cce702) (ScriptedImporter) -> (artifact id: '832ef0a531707cd236fba373038c1a75') in 0.5557908 seconds
Number of updated asset objects reloaded before import = 0Number of asset objects unloaded after import = 2

========================================================================
Received Import Request.
  Time since last request: 0.000027 seconds.
  path: Assets/TextMesh Pro/Shaders/TMP_Bitmap.shader
  artifactKey: Guid(128e987d567d4e2c824d754223b3f3b0) Importer(2089858483,192608db42251d675da83286b1cce702)
Start importing Assets/TextMesh Pro/Shaders/TMP_Bitmap.shader using Guid(128e987d567d4e2c824d754223b3f3b0) Importer(2089858483,192608db42251d675da83286b1cce702) (ScriptedImporter) -> (artifact id: '87f3793a265a0d6070ef8fe8bf0762f6') in 0.0277922 seconds
Number of updated asset objects reloaded before import = 0Number of asset objects unloaded after import = 1

========================================================================
Received Import Request.
  Time since last request: 0.000029 seconds.
  path: Assets/TextMesh Pro/Shaders/TMP_SDF-Mobile.shader
  artifactKey: Guid(fe393ace9b354375a9cb14cdbbc28be4) Importer(2089858483,192608db42251d675da83286b1cce702)
Start importing Assets/TextMesh Pro/Shaders/TMP_SDF-Mobile.shader using Guid(fe393ace9b354375a9cb14cdbbc28be4) Importer(2089858483,192608db42251d675da83286b1cce702) (ScriptedImporter) -> (artifact id: '419f44ddbcc3ce881709a6d0d868280c') in 0.0192846 seconds
Number of updated asset objects reloaded before import = 0Number of asset objects unloaded after import = 1

========================================================================
Received Import Request.
  Time since last request: 0.000016 seconds.
  path: Assets/TextMesh Pro/Shaders/TMP_SDF SSD.shader
  artifactKey: Guid(14eb328de4b8eb245bb7cea29e4ac00b) Importer(2089858483,192608db42251d675da83286b1cce702)
Start importing Assets/TextMesh Pro/Shaders/TMP_SDF SSD.shader using Guid(14eb328de4b8eb245bb7cea29e4ac00b) Importer(2089858483,192608db42251d675da83286b1cce702) (ScriptedImporter) -> (artifact id: '1d621b03c504c31da47fd72f64a46794') in 0.0294774 seconds
Number of updated asset objects reloaded before import = 0Number of asset objects unloaded after import = 1

========================================================================
Received Import Request.
  Time since last request: 0.000025 seconds.
  path: Assets/TextMesh Pro/Resources/TMP Settings.asset
  artifactKey: Guid(3f5b5dff67a942289a9defa416b206f3) Importer(2089858483,192608db42251d675da83286b1cce702)
Start importing Assets/TextMesh Pro/Resources/TMP Settings.asset using Guid(3f5b5dff67a942289a9defa416b206f3) Importer(2089858483,192608db42251d675da83286b1cce702) (ScriptedImporter) -> (artifact id: '85a6bed468938b6bb24e1689147bd8be') in 0.0977101 seconds
Number of updated asset objects reloaded before import = 0Number of asset objects unloaded after import = 15

========================================================================
Received Import Request.
  Time since last request: 0.000031 seconds.
  path: Assets/TextMesh Pro/Resources/LineBreaking Following Characters.txt
  artifactKey: Guid(fade42e8bc714b018fac513c043d323b) Importer(2089858483,192608db42251d675da83286b1cce702)
Start importing Assets/TextMesh Pro/Resources/LineBreaking Following Characters.txt using Guid(fade42e8bc714b018fac513c043d323b) Importer(2089858483,192608db42251d675da83286b1cce702) (ScriptedImporter) -> (artifact id: '3df6b14daf8aff6ef364f9e9292a31f6') in 0.0144055 seconds
Number of updated asset objects reloaded before import = 0Number of asset objects unloaded after import = 1

========================================================================
Received Import Request.
  Time since last request: 0.000017 seconds.
  path: Assets/Scene.assets/school/props/computer1.fbx
  artifactKey: Guid(f0d27de52a7134a4d9d1aab733f51841) Importer(2089858483,192608db42251d675da83286b1cce702)
Start importing Assets/Scene.assets/school/props/computer1.fbx using Guid(f0d27de52a7134a4d9d1aab733f51841) Importer(2089858483,192608db42251d675da83286b1cce702) (ScriptedImporter) -> (artifact id: '10e035762adc63a74fb0cacb6fa17afc') in 0.0870642 seconds
Number of updated asset objects reloaded before import = 0Number of asset objects unloaded after import = 8

========================================================================
Received Import Request.
  Time since last request: 0.000018 seconds.
  path: Assets/TutorialInfo/Icons/URP.png
  artifactKey: Guid(727a75301c3d24613a3ebcec4a24c2c8) Importer(2089858483,192608db42251d675da83286b1cce702)
Start importing Assets/TutorialInfo/Icons/URP.png using Guid(727a75301c3d24613a3ebcec4a24c2c8) Importer(2089858483,192608db42251d675da83286b1cce702) (ScriptedImporter) -> (artifact id: 'd85a1a8822a52318a8e717e8f62f6fee') in 0.042323 seconds
Number of updated asset objects reloaded before import = 0Number of asset objects unloaded after import = 1

========================================================================
Received Import Request.
  Time since last request: 0.000027 seconds.
  path: Assets/Scene.assets/school/props/a door.fbx
  artifactKey: Guid(a1b64279c34bd0a49abf18b790a099b4) Importer(2089858483,192608db42251d675da83286b1cce702)
Start importing Assets/Scene.assets/school/props/a door.fbx using Guid(a1b64279c34bd0a49abf18b790a099b4) Importer(2089858483,192608db42251d675da83286b1cce702) (ScriptedImporter) -> (artifact id: '0db9ba6322ce48f73499d60ab3cf8c21') in 0.0297003 seconds
Number of updated asset objects reloaded before import = 0Number of asset objects unloaded after import = 13

========================================================================
Received Import Request.
  Time since last request: 0.000027 seconds.
  path: Assets/Scene.assets/school/material/1.png
  artifactKey: Guid(4b03c68dd480c5946acba6280c21b674) Importer(2089858483,192608db42251d675da83286b1cce702)
Start importing Assets/Scene.assets/school/material/1.png using Guid(4b03c68dd480c5946acba6280c21b674) Importer(2089858483,192608db42251d675da83286b1cce702) (ScriptedImporter) -> (artifact id: '6d32b883f17927f9c52e73ecaf71c9b7') in 0.0221226 seconds
Number of updated asset objects reloaded before import = 0Number of asset objects unloaded after import = 1

========================================================================
Received Import Request.
  Time since last request: 0.000018 seconds.
  path: Assets/TextMesh Pro/Shaders/TMP_Bitmap-Mobile.shader
  artifactKey: Guid(1e3b057af24249748ff873be7fafee47) Importer(2089858483,192608db42251d675da83286b1cce702)
Start importing Assets/TextMesh Pro/Shaders/TMP_Bitmap-Mobile.shader using Guid(1e3b057af24249748ff873be7fafee47) Importer(2089858483,192608db42251d675da83286b1cce702) (ScriptedImporter) -> (artifact id: '7b3508df6d970bbbe87c5ab3f329e87e') in 0.0158703 seconds
Number of updated asset objects reloaded before import = 0Number of asset objects unloaded after import = 1

========================================================================
Received Import Request.
  Time since last request: 0.000034 seconds.
  path: Assets/TutorialInfo/Scripts/Readme.cs
  artifactKey: Guid(fcf7219bab7fe46a1ad266029b2fee19) Importer(2089858483,192608db42251d675da83286b1cce702)
Start importing Assets/TutorialInfo/Scripts/Readme.cs using Guid(fcf7219bab7fe46a1ad266029b2fee19) Importer(2089858483,192608db42251d675da83286b1cce702) (ScriptedImporter) -> (artifact id: '76a5f8bcf7262561827c5893950d8a2c') in 0.0136291 seconds
Number of updated asset objects reloaded before import = 0Number of asset objects unloaded after import = 0

========================================================================
Received Import Request.
  Time since last request: 0.000025 seconds.
  path: Assets/Scene.assets/school/road/doroga — krest.fbx
  artifactKey: Guid(df64657f50132d544870c1de38b5b3d6) Importer(2089858483,192608db42251d675da83286b1cce702)
Start importing Assets/Scene.assets/school/road/doroga — krest.fbx using Guid(df64657f50132d544870c1de38b5b3d6) Importer(2089858483,192608db42251d675da83286b1cce702) (ScriptedImporter) -> (artifact id: '14fb33e47800575dc9287172ae29ae1e') in 0.0312647 seconds
Number of updated asset objects reloaded before import = 0Number of asset objects unloaded after import = 8

========================================================================
Received Import Request.
  Time since last request: 0.000015 seconds.
  path: Assets/Scene.assets/school/road/floor.fbx
  artifactKey: Guid(f7413ee7b6daa064087f5749d6f1b9f8) Importer(2089858483,192608db42251d675da83286b1cce702)
Start importing Assets/Scene.assets/school/road/floor.fbx using Guid(f7413ee7b6daa064087f5749d6f1b9f8) Importer(2089858483,192608db42251d675da83286b1cce702) (ScriptedImporter) -> (artifact id: '6fc0670a9f725ebd88de3c4f777f34f0') in 0.0266116 seconds
Number of updated asset objects reloaded before import = 0Number of asset objects unloaded after import = 8

========================================================================
Received Import Request.
  Time since last request: 0.000017 seconds.
  path: Assets/Scene.assets/school/props/wall4.fbx
  artifactKey: Guid(65c4b63d3ab1edc4c98cc4216586cccf) Importer(2089858483,192608db42251d675da83286b1cce702)
Start importing Assets/Scene.assets/school/props/wall4.fbx using Guid(65c4b63d3ab1edc4c98cc4216586cccf) Importer(2089858483,192608db42251d675da83286b1cce702) (ScriptedImporter) -> (artifact id: '496f1823a43d172378c97501b00fb854') in 0.027174 seconds
Number of updated asset objects reloaded before import = 0Number of asset objects unloaded after import = 8

========================================================================
Received Import Request.
  Time since last request: 0.000025 seconds.
  path: Assets/Scene.assets/school/props/sheet4.fbx
  artifactKey: Guid(26cca21aff10b4545b16cc4b6315157e) Importer(2089858483,192608db42251d675da83286b1cce702)
Start importing Assets/Scene.assets/school/props/sheet4.fbx using Guid(26cca21aff10b4545b16cc4b6315157e) Importer(2089858483,192608db42251d675da83286b1cce702) (ScriptedImporter) -> (artifact id: '410e37e06217603c6c64631de948d0ff') in 0.0295757 seconds
Number of updated asset objects reloaded before import = 0Number of asset objects unloaded after import = 8

========================================================================
Received Import Request.
  Time since last request: 0.000019 seconds.
  path: Assets/Scene.assets/school/props/locker_4.fbx
  artifactKey: Guid(40ec2e2d4a4457448aef97450f4f9113) Importer(2089858483,192608db42251d675da83286b1cce702)
Start importing Assets/Scene.assets/school/props/locker_4.fbx using Guid(40ec2e2d4a4457448aef97450f4f9113) Importer(2089858483,192608db42251d675da83286b1cce702) (ScriptedImporter) -> (artifact id: '25f8f058900f27dea53b88a79e5bbffa') in 0.0230633 seconds
Number of updated asset objects reloaded before import = 0Number of asset objects unloaded after import = 8

========================================================================
Received Import Request.
  Time since last request: 0.000024 seconds.
  path: Assets/TextMesh Pro/Examples & Extras/Fonts/Bangers - OFL.txt
  artifactKey: Guid(efe0bf4ac872451e91612d1ae593f480) Importer(2089858483,192608db42251d675da83286b1cce702)
Start importing Assets/TextMesh Pro/Examples & Extras/Fonts/Bangers - OFL.txt using Guid(efe0bf4ac872451e91612d1ae593f480) Importer(2089858483,192608db42251d675da83286b1cce702) (ScriptedImporter) -> (artifact id: '183ed75931beb70235b7c5b245e37420') in 0.0170897 seconds
Number of updated asset objects reloaded before import = 0Number of asset objects unloaded after import = 1

========================================================================
Received Import Request.
  Time since last request: 0.000029 seconds.
  path: Assets/TextMesh Pro/Examples & Extras/Fonts/Bangers.ttf
  artifactKey: Guid(5dd49b3eacc540408c98eee0de38e0f1) Importer(2089858483,192608db42251d675da83286b1cce702)
Start importing Assets/TextMesh Pro/Examples & Extras/Fonts/Bangers.ttf using Guid(5dd49b3eacc540408c98eee0de38e0f1) Importer(2089858483,192608db42251d675da83286b1cce702) (ScriptedImporter) -> (artifact id: '9a17461a1cdcffd3ce3b4139ee4a3417') in 0.0301482 seconds
Number of updated asset objects reloaded before import = 0Number of asset objects unloaded after import = 3

========================================================================
Received Import Request.
  Time since last request: 0.000019 seconds.
  path: Assets/TextMesh Pro/Examples & Extras/Fonts/Roboto-Bold - AFL.txt
  artifactKey: Guid(f28c334d44214474d9702d3ad79ecb0a) Importer(2089858483,192608db42251d675da83286b1cce702)
Start importing Assets/TextMesh Pro/Examples & Extras/Fonts/Roboto-Bold - AFL.txt using Guid(f28c334d44214474d9702d3ad79ecb0a) Importer(2089858483,192608db42251d675da83286b1cce702) (ScriptedImporter) -> (artifact id: 'c57208641520d2fb2e00f6c44bc80baa') in 0.0187532 seconds
Number of updated asset objects reloaded before import = 0Number of asset objects unloaded after import = 1

========================================================================
Received Import Request.
  Time since last request: 0.000018 seconds.
  path: Assets/Settings/Mobile_Renderer.asset
  artifactKey: Guid(65bc7dbf4170f435aa868c779acfb082) Importer(2089858483,192608db42251d675da83286b1cce702)
Start importing Assets/Settings/Mobile_Renderer.asset using Guid(65bc7dbf4170f435aa868c779acfb082) Importer(2089858483,192608db42251d675da83286b1cce702) (ScriptedImporter) -> (artifact id: '50d01d18994cdb06f382b1577e2f86d4') in 0.0403511 seconds
Number of updated asset objects reloaded before import = 0Number of asset objects unloaded after import = 1

========================================================================
Received Import Request.
  Time since last request: 0.000024 seconds.
  path: Assets/Scene.assets/school/props/sheet.fbx
  artifactKey: Guid(e3b1441b553239a4681601783740f186) Importer(2089858483,192608db42251d675da83286b1cce702)
Start importing Assets/Scene.assets/school/props/sheet.fbx using Guid(e3b1441b553239a4681601783740f186) Importer(2089858483,192608db42251d675da83286b1cce702) (ScriptedImporter) -> (artifact id: 'e5e020477209418f3b4a8a82f955e665') in 0.0256518 seconds
Number of updated asset objects reloaded before import = 0Number of asset objects unloaded after import = 8

========================================================================
Received Import Request.
  Time since last request: 0.000033 seconds.
  path: Assets/TextMesh Pro/Examples & Extras/Fonts/Unity.ttf
  artifactKey: Guid(f4eec857a4fdf2f43be0e9f3d1a984e7) Importer(2089858483,192608db42251d675da83286b1cce702)
Start importing Assets/TextMesh Pro/Examples & Extras/Fonts/Unity.ttf using Guid(f4eec857a4fdf2f43be0e9f3d1a984e7) Importer(2089858483,192608db42251d675da83286b1cce702) (ScriptedImporter) -> (artifact id: '40d1da6cecec2f2036555078411399cb') in 0.0275972 seconds
Number of updated asset objects reloaded before import = 0Number of asset objects unloaded after import = 3

========================================================================
Received Import Request.
  Time since last request: 0.000018 seconds.
  path: Assets/Scene.assets/school/props/sheet3.fbx
  artifactKey: Guid(f9193b59ff4960f49b88d5a868e743f4) Importer(2089858483,192608db42251d675da83286b1cce702)
Start importing Assets/Scene.assets/school/props/sheet3.fbx using Guid(f9193b59ff4960f49b88d5a868e743f4) Importer(2089858483,192608db42251d675da83286b1cce702) (ScriptedImporter) -> (artifact id: '7aba9540bf59d9171e122bbf15826a65') in 0.0301855 seconds
Number of updated asset objects reloaded before import = 0Number of asset objects unloaded after import = 8

========================================================================
Received Import Request.
  Time since last request: 0.000019 seconds.
  path: Assets/Scene.assets/school/props/book14.fbx
  artifactKey: Guid(07f0850d4174989458ab5186394dec12) Importer(2089858483,192608db42251d675da83286b1cce702)
Start importing Assets/Scene.assets/school/props/book14.fbx using Guid(07f0850d4174989458ab5186394dec12) Importer(2089858483,192608db42251d675da83286b1cce702) (ScriptedImporter) -> (artifact id: '502d43d335c3291bad0e3b00ba759972') in 0.03457 seconds
Number of updated asset objects reloaded before import = 0Number of asset objects unloaded after import = 8

========================================================================
Received Import Request.
  Time since last request: 0.000036 seconds.
  path: Assets/TextMesh Pro/Examples & Extras/Materials/Crate - URP.mat
  artifactKey: Guid(3b5cc91c3bf8cf74391252247f52fb59) Importer(2089858483,192608db42251d675da83286b1cce702)
Start importing Assets/TextMesh Pro/Examples & Extras/Materials/Crate - URP.mat using Guid(3b5cc91c3bf8cf74391252247f52fb59) Importer(2089858483,192608db42251d675da83286b1cce702) (ScriptedImporter) -> (artifact id: 'fe795c2bed77f280c688811cd8214fd7') in 0.0342508 seconds
Number of updated asset objects reloaded before import = 0Number of asset objects unloaded after import = 3

========================================================================
Received Import Request.
  Time since last request: 0.000018 seconds.
  path: Assets/Scene.assets/school/props/book2.fbx
  artifactKey: Guid(98a3eef7f73edd846970e62f64af6a46) Importer(2089858483,192608db42251d675da83286b1cce702)
Start importing Assets/Scene.assets/school/props/book2.fbx using Guid(98a3eef7f73edd846970e62f64af6a46) Importer(2089858483,192608db42251d675da83286b1cce702) (ScriptedImporter) -> (artifact id: '3a5575fb298b08b4f39a6bfb4849d925') in 0.0296585 seconds
Number of updated asset objects reloaded before import = 0Number of asset objects unloaded after import = 8

========================================================================
Received Import Request.
  Time since last request: 0.000022 seconds.
  path: Assets/TextMesh Pro/Shaders/TMP_SDF-Surface.shader
  artifactKey: Guid(f7ada0af4f174f0694ca6a487b8f543d) Importer(2089858483,192608db42251d675da83286b1cce702)
Start importing Assets/TextMesh Pro/Shaders/TMP_SDF-Surface.shader using Guid(f7ada0af4f174f0694ca6a487b8f543d) Importer(2089858483,192608db42251d675da83286b1cce702) (ScriptedImporter) -> (artifact id: 'ffbc617f14e1c89d0d5ee611b870539f') in 0.017616 seconds
Number of updated asset objects reloaded before import = 0Number of asset objects unloaded after import = 1

========================================================================
Received Import Request.
  Time since last request: 0.000025 seconds.
  path: Assets/Scene.assets/school/props/wall4 (2).fbx
  artifactKey: Guid(cc3095fd348d76b4f9cdcaabdaacdf6d) Importer(2089858483,192608db42251d675da83286b1cce702)
Start importing Assets/Scene.assets/school/props/wall4 (2).fbx using Guid(cc3095fd348d76b4f9cdcaabdaacdf6d) Importer(2089858483,192608db42251d675da83286b1cce702) (ScriptedImporter) -> (artifact id: 'e7a44f00af14499918b514ea364aef8a') in 0.0248143 seconds
Number of updated asset objects reloaded before import = 0Number of asset objects unloaded after import = 8

========================================================================
Received Import Request.
  Time since last request: 0.000021 seconds.
  path: Assets/Scene.assets/school/props/book12.fbx
  artifactKey: Guid(d26fd69ae663eb24a85bb3506b3e3b91) Importer(2089858483,192608db42251d675da83286b1cce702)
Start importing Assets/Scene.assets/school/props/book12.fbx using Guid(d26fd69ae663eb24a85bb3506b3e3b91) Importer(2089858483,192608db42251d675da83286b1cce702) (ScriptedImporter) -> (artifact id: 'f854bcd47ee28465965a8bc071b91445') in 0.0419996 seconds
Number of updated asset objects reloaded before import = 0Number of asset objects unloaded after import = 8

========================================================================
Received Import Request.
  Time since last request: 0.000018 seconds.
  path: Assets/TextMesh Pro/Examples & Extras/Scenes/10 - Bullets & Numbered List Example.unity
  artifactKey: Guid(c3f814e1d12c45568daf3dd9a86a0e61) Importer(2089858483,192608db42251d675da83286b1cce702)
Start importing Assets/TextMesh Pro/Examples & Extras/Scenes/10 - Bullets & Numbered List Example.unity using Guid(c3f814e1d12c45568daf3dd9a86a0e61) Importer(2089858483,192608db42251d675da83286b1cce702) (ScriptedImporter) -> (artifact id: '48c495b4c8df67b1d4d3275523070f69') in 0.0186397 seconds
Number of updated asset objects reloaded before import = 0Number of asset objects unloaded after import = 1

========================================================================
Received Import Request.
  Time since last request: 0.000025 seconds.
  path: Assets/Scene.assets/school/props/projector.fbx
  artifactKey: Guid(72270d1b0c152ed449c796ec8a390366) Importer(2089858483,192608db42251d675da83286b1cce702)
Start importing Assets/Scene.assets/school/props/projector.fbx using Guid(72270d1b0c152ed449c796ec8a390366) Importer(2089858483,192608db42251d675da83286b1cce702) (ScriptedImporter) -> (artifact id: '717062d5448e5789289e07d1aad26f87') in 0.0258734 seconds
Number of updated asset objects reloaded before import = 0Number of asset objects unloaded after import = 8

========================================================================
Received Import Request.
  Time since last request: 0.000021 seconds.
  path: Assets/TextMesh Pro/Fonts/LiberationSans - OFL.txt
  artifactKey: Guid(6e59c59b81ab47f9b6ec5781fa725d2c) Importer(2089858483,192608db42251d675da83286b1cce702)
Start importing Assets/TextMesh Pro/Fonts/LiberationSans - OFL.txt using Guid(6e59c59b81ab47f9b6ec5781fa725d2c) Importer(2089858483,192608db42251d675da83286b1cce702) (ScriptedImporter) -> (artifact id: '00aa67e62a3775bd94df322ea4d2be98') in 0.0218928 seconds
Number of updated asset objects reloaded before import = 0Number of asset objects unloaded after import = 1

========================================================================
Received Import Request.
  Time since last request: 0.000027 seconds.
  path: Assets/TextMesh Pro/Examples & Extras/Scenes/04 - Word Wrapping.unity
  artifactKey: Guid(8f7137eacd7042d5b17ef0efe5e744f5) Importer(2089858483,192608db42251d675da83286b1cce702)
Start importing Assets/TextMesh Pro/Examples & Extras/Scenes/04 - Word Wrapping.unity using Guid(8f7137eacd7042d5b17ef0efe5e744f5) Importer(2089858483,192608db42251d675da83286b1cce702) (ScriptedImporter) -> (artifact id: '217abcb5c0b21088c7b331a2101ec879') in 0.0215659 seconds
Number of updated asset objects reloaded before import = 0Number of asset objects unloaded after import = 1

========================================================================
Received Import Request.
  Time since last request: 0.000024 seconds.
  path: Assets/Settings/DefaultVolumeProfile.asset
  artifactKey: Guid(ab09877e2e707104187f6f83e2f62510) Importer(2089858483,192608db42251d675da83286b1cce702)
Start importing Assets/Settings/DefaultVolumeProfile.asset using Guid(ab09877e2e707104187f6f83e2f62510) Importer(2089858483,192608db42251d675da83286b1cce702) (ScriptedImporter) -> (artifact id: '755550b23d0352043bc2638df0a70808') in 0.0219914 seconds
Number of updated asset objects reloaded before import = 0Number of asset objects unloaded after import = 0

========================================================================
Received Import Request.
  Time since last request: 0.000021 seconds.
  path: Assets/TextMesh Pro/Examples & Extras/Scenes/13 - Soft HyphenationSettings.lighting
  artifactKey: Guid(257459af5a1523e48a7bf0037e0f1af2) Importer(2089858483,192608db42251d675da83286b1cce702)
Start importing Assets/TextMesh Pro/Examples & Extras/Scenes/13 - Soft HyphenationSettings.lighting using Guid(257459af5a1523e48a7bf0037e0f1af2) Importer(2089858483,192608db42251d675da83286b1cce702) (ScriptedImporter) -> (artifact id: '9cc0ccf9a4493208256906c3d8d0cab1') in 0.0250073 seconds
Number of updated asset objects reloaded before import = 0Number of asset objects unloaded after import = 1

========================================================================
Received Import Request.
  Time since last request: 0.000016 seconds.
  path: Assets/TextMesh Pro/Examples & Extras/Scenes/14 - Multi Font & Sprites.unity
  artifactKey: Guid(22a2fba786ad4c40ac0ba09f0b933100) Importer(2089858483,192608db42251d675da83286b1cce702)
Start importing Assets/TextMesh Pro/Examples & Extras/Scenes/14 - Multi Font & Sprites.unity using Guid(22a2fba786ad4c40ac0ba09f0b933100) Importer(2089858483,192608db42251d675da83286b1cce702) (ScriptedImporter) -> (artifact id: 'b3d0a56f8a949c25056440cc4ff7cfff') in 0.0224717 seconds
Number of updated asset objects reloaded before import = 0Number of asset objects unloaded after import = 1

========================================================================
Received Import Request.
  Time since last request: 0.000025 seconds.
  path: Assets/Scene.assets/school/props/wall.fbx
  artifactKey: Guid(20fa30becf879ae4fbd158795edc156d) Importer(2089858483,192608db42251d675da83286b1cce702)
Start importing Assets/Scene.assets/school/props/wall.fbx using Guid(20fa30becf879ae4fbd158795edc156d) Importer(2089858483,192608db42251d675da83286b1cce702) (ScriptedImporter) -> (artifact id: '0de759cf27ee254b82451b6397c31d15') in 0.0240144 seconds
Number of updated asset objects reloaded before import = 0Number of asset objects unloaded after import = 8

========================================================================
Received Import Request.
  Time since last request: 0.000015 seconds.
  path: Assets/Scene.assets/school/props/computer.fbx
  artifactKey: Guid(19da5e77d15e6b246ae6557f5f4c3cbe) Importer(2089858483,192608db42251d675da83286b1cce702)
Start importing Assets/Scene.assets/school/props/computer.fbx using Guid(19da5e77d15e6b246ae6557f5f4c3cbe) Importer(2089858483,192608db42251d675da83286b1cce702) (ScriptedImporter) -> (artifact id: 'fcc44b44bd0557c0de315ac301de85fc') in 0.0268819 seconds
Number of updated asset objects reloaded before import = 0Number of asset objects unloaded after import = 8

========================================================================
Received Import Request.
  Time since last request: 0.000017 seconds.
  path: Assets/TextMesh Pro/Examples & Extras/Scenes/01-  Single Line TextMesh Pro.unity
  artifactKey: Guid(2ac8cf212df6445e8aebbe3cb832e993) Importer(2089858483,192608db42251d675da83286b1cce702)
Start importing Assets/TextMesh Pro/Examples & Extras/Scenes/01-  Single Line TextMesh Pro.unity using Guid(2ac8cf212df6445e8aebbe3cb832e993) Importer(2089858483,192608db42251d675da83286b1cce702) (ScriptedImporter) -> (artifact id: '6ef7d85b8c69407476c464a44ed0a0a2') in 0.0172507 seconds
Number of updated asset objects reloaded before import = 0Number of asset objects unloaded after import = 1

========================================================================
Received Import Request.
  Time since last request: 0.000047 seconds.
  path: Assets/TextMesh Pro/Examples & Extras/Scenes/18 - ScrollRect & Masking & Layout.unity
  artifactKey: Guid(03f9d74cec8e4b94a29d2dfd177c821b) Importer(2089858483,192608db42251d675da83286b1cce702)
Start importing Assets/TextMesh Pro/Examples & Extras/Scenes/18 - ScrollRect & Masking & Layout.unity using Guid(03f9d74cec8e4b94a29d2dfd177c821b) Importer(2089858483,192608db42251d675da83286b1cce702) (ScriptedImporter) -> (artifact id: 'cc34d95b9e1608e4d2bd54bc5bbb1379') in 0.0199395 seconds
Number of updated asset objects reloaded before import = 0Number of asset objects unloaded after import = 1

========================================================================
Received Import Request.
  Time since last request: 0.000016 seconds.
  path: Assets/TextMesh Pro/Examples & Extras/Scenes/17 - Old Computer Terminal.unity
  artifactKey: Guid(3e2e4d7b0bed4cf9ab827e9f32448f69) Importer(2089858483,192608db42251d675da83286b1cce702)
Start importing Assets/TextMesh Pro/Examples & Extras/Scenes/17 - Old Computer Terminal.unity using Guid(3e2e4d7b0bed4cf9ab827e9f32448f69) Importer(2089858483,192608db42251d675da83286b1cce702) (ScriptedImporter) -> (artifact id: '8beb1bade316f41a5ec88f40ede7c379') in 0.0315411 seconds
Number of updated asset objects reloaded before import = 0Number of asset objects unloaded after import = 1

========================================================================
Received Import Request.
  Time since last request: 0.000016 seconds.
  path: Assets/TextMesh Pro/Examples & Extras/Scenes/17 - Old Computer TerminalSettings.lighting
  artifactKey: Guid(25cd90b1cf16dac48b2acb4b7fd17216) Importer(2089858483,192608db42251d675da83286b1cce702)
Start importing Assets/TextMesh Pro/Examples & Extras/Scenes/17 - Old Computer TerminalSettings.lighting using Guid(25cd90b1cf16dac48b2acb4b7fd17216) Importer(2089858483,192608db42251d675da83286b1cce702) (ScriptedImporter) -> (artifact id: '3063760f4eeac11957bde5330df58e0b') in 0.0267281 seconds
Number of updated asset objects reloaded before import = 0Number of asset objects unloaded after import = 1

========================================================================
Received Import Request.
  Time since last request: 0.000027 seconds.
  path: Assets/TextMesh Pro/Examples & Extras/Scenes/19 - Masking Texture & Soft Mask.unity
  artifactKey: Guid(9abcd5bd764646568a6ea70d00f9264c) Importer(2089858483,192608db42251d675da83286b1cce702)
Start importing Assets/TextMesh Pro/Examples & Extras/Scenes/19 - Masking Texture & Soft Mask.unity using Guid(9abcd5bd764646568a6ea70d00f9264c) Importer(2089858483,192608db42251d675da83286b1cce702) (ScriptedImporter) -> (artifact id: '2bbadf7c2d71d0eca70281d4e24a332a') in 0.0221016 seconds
Number of updated asset objects reloaded before import = 0Number of asset objects unloaded after import = 1

========================================================================
Received Import Request.
  Time since last request: 0.000017 seconds.
  path: Assets/TextMesh Pro/Examples & Extras/Scenes/21 - Script Example.unity
  artifactKey: Guid(50f52f9274434ecfb34dd87f0836f323) Importer(2089858483,192608db42251d675da83286b1cce702)
Start importing Assets/TextMesh Pro/Examples & Extras/Scenes/21 - Script Example.unity using Guid(50f52f9274434ecfb34dd87f0836f323) Importer(2089858483,192608db42251d675da83286b1cce702) (ScriptedImporter) -> (artifact id: 'e98fe37f75f81bffe2f4c69eebc63267') in 0.0192886 seconds
Number of updated asset objects reloaded before import = 0Number of asset objects unloaded after import = 1

========================================================================
Received Import Request.
  Time since last request: 0.000017 seconds.
  path: Assets/TextMesh Pro/Examples & Extras/Scenes/09 - Margin Tag Example.unity
  artifactKey: Guid(349f38d3606449708c7340d26740e1e2) Importer(2089858483,192608db42251d675da83286b1cce702)
Start importing Assets/TextMesh Pro/Examples & Extras/Scenes/09 - Margin Tag Example.unity using Guid(349f38d3606449708c7340d26740e1e2) Importer(2089858483,192608db42251d675da83286b1cce702) (ScriptedImporter) -> (artifact id: '39f03765b6d6165384742ab2103063b0') in 0.0208233 seconds
Number of updated asset objects reloaded before import = 0Number of asset objects unloaded after import = 1

========================================================================
Received Import Request.
  Time since last request: 0.000022 seconds.
  path: Assets/Scene.assets/school/props/book3.fbx
  artifactKey: Guid(2d9b54e7ef3d1a94eb9be4f4dd931319) Importer(2089858483,192608db42251d675da83286b1cce702)
Start importing Assets/Scene.assets/school/props/book3.fbx using Guid(2d9b54e7ef3d1a94eb9be4f4dd931319) Importer(2089858483,192608db42251d675da83286b1cce702) (ScriptedImporter) -> (artifact id: 'b3b6ec6af0291747263f1c03b91e9b87') in 0.0260352 seconds
Number of updated asset objects reloaded before import = 0Number of asset objects unloaded after import = 8

========================================================================
Received Import Request.
  Time since last request: 0.000025 seconds.
  path: Assets/Scene.assets/school/props/speaker.fbx
  artifactKey: Guid(2e93ee0f4a411944ca5d229dc4b228e3) Importer(2089858483,192608db42251d675da83286b1cce702)
Start importing Assets/Scene.assets/school/props/speaker.fbx using Guid(2e93ee0f4a411944ca5d229dc4b228e3) Importer(2089858483,192608db42251d675da83286b1cce702) (ScriptedImporter) -> (artifact id: '8d0d04a8c32345daab3f0570738ceb2c') in 0.0304767 seconds
Number of updated asset objects reloaded before import = 0Number of asset objects unloaded after import = 8

========================================================================
Received Import Request.
  Time since last request: 0.000017 seconds.
  path: Assets/TextMesh Pro/Examples & Extras/Materials/Small Crate_diffuse.mat
  artifactKey: Guid(22262639920f43d6be32430e4e58350d) Importer(2089858483,192608db42251d675da83286b1cce702)
Start importing Assets/TextMesh Pro/Examples & Extras/Materials/Small Crate_diffuse.mat using Guid(22262639920f43d6be32430e4e58350d) Importer(2089858483,192608db42251d675da83286b1cce702) (ScriptedImporter) -> (artifact id: '667638eef1b61dc7cb9fe8aa88f873c7') in 0.0988603 seconds
Number of updated asset objects reloaded before import = 0Number of asset objects unloaded after import = 3

========================================================================
Received Import Request.
  Time since last request: 0.000021 seconds.
  path: Assets/TextMesh Pro/Examples & Extras/Scenes/25 - Sunny Days ExampleSettings.lighting
  artifactKey: Guid(c0fd4f7606921634eae46b93eab2a89b) Importer(2089858483,192608db42251d675da83286b1cce702)
Start importing Assets/TextMesh Pro/Examples & Extras/Scenes/25 - Sunny Days ExampleSettings.lighting using Guid(c0fd4f7606921634eae46b93eab2a89b) Importer(2089858483,192608db42251d675da83286b1cce702) (ScriptedImporter) -> (artifact id: '263ffadd21577313c1d73176c8eda1bf') in 0.0198443 seconds
Number of updated asset objects reloaded before import = 0Number of asset objects unloaded after import = 1

========================================================================
Received Import Request.
  Time since last request: 0.000033 seconds.
  path: Assets/TextMesh Pro/Examples & Extras/Scenes/Benchmark (Floating Text)Settings.lighting
  artifactKey: Guid(b261339c48604234eb110c27b5c9c744) Importer(2089858483,192608db42251d675da83286b1cce702)
Start importing Assets/TextMesh Pro/Examples & Extras/Scenes/Benchmark (Floating Text)Settings.lighting using Guid(b261339c48604234eb110c27b5c9c744) Importer(2089858483,192608db42251d675da83286b1cce702) (ScriptedImporter) -> (artifact id: '73c4eb9c970ab00af4fa67ff7cb82fae') in 0.02476 seconds
Number of updated asset objects reloaded before import = 0Number of asset objects unloaded after import = 1

========================================================================
Received Import Request.
  Time since last request: 0.000016 seconds.
  path: Assets/Scenes/SampleScene/NavMesh-GameManager.asset
  artifactKey: Guid(ee1dda1c0a8c8664c89e9d6919ad3f8d) Importer(2089858483,192608db42251d675da83286b1cce702)
Start importing Assets/Scenes/SampleScene/NavMesh-GameManager.asset using Guid(ee1dda1c0a8c8664c89e9d6919ad3f8d) Importer(2089858483,192608db42251d675da83286b1cce702) (ScriptedImporter) -> (artifact id: 'd6edbdbc0032b907bc25a7e8098ef810') in 0.0225016 seconds
Number of updated asset objects reloaded before import = 0Number of asset objects unloaded after import = 1

========================================================================
Received Import Request.
  Time since last request: 0.000017 seconds.
  path: Assets/TextMesh Pro/Shaders/TMPro.cginc
  artifactKey: Guid(407bc68d299748449bbf7f48ee690f8d) Importer(2089858483,192608db42251d675da83286b1cce702)
Start importing Assets/TextMesh Pro/Shaders/TMPro.cginc using Guid(407bc68d299748449bbf7f48ee690f8d) Importer(2089858483,192608db42251d675da83286b1cce702) (ScriptedImporter) -> (artifact id: '87a02dc79130c36ea46f309bd2f92e44') in 0.0194564 seconds
Number of updated asset objects reloaded before import = 0Number of asset objects unloaded after import = 1

========================================================================
Received Import Request.
  Time since last request: 0.000028 seconds.
  path: Assets/Scene.assets/school/road/floor1.fbx
  artifactKey: Guid(02ba308bed5cd924d888de16aa13d884) Importer(2089858483,192608db42251d675da83286b1cce702)
Start importing Assets/Scene.assets/school/road/floor1.fbx using Guid(02ba308bed5cd924d888de16aa13d884) Importer(2089858483,192608db42251d675da83286b1cce702) (ScriptedImporter) -> (artifact id: '42a5ccf0c7e6ce468d91d04a3111ff4d') in 0.0295116 seconds
Number of updated asset objects reloaded before import = 0Number of asset objects unloaded after import = 8

========================================================================
Received Import Request.
  Time since last request: 0.000021 seconds.
  path: Assets/TextMesh Pro/Examples & Extras/Scripts/Benchmark03.cs
  artifactKey: Guid(a73109742c8d47ac822895a473300c29) Importer(2089858483,192608db42251d675da83286b1cce702)
Start importing Assets/TextMesh Pro/Examples & Extras/Scripts/Benchmark03.cs using Guid(a73109742c8d47ac822895a473300c29) Importer(2089858483,192608db42251d675da83286b1cce702) (ScriptedImporter) -> (artifact id: '3bd585b265519e496759a3db664ba7bb') in 0.0140309 seconds
Number of updated asset objects reloaded before import = 0Number of asset objects unloaded after import = 0

========================================================================
Received Import Request.
  Time since last request: 0.000018 seconds.
  path: Assets/TextMesh Pro/Examples & Extras/Scripts/ShaderPropAnimator.cs
  artifactKey: Guid(2787a46a4dc848c1b4b7b9307b614bfd) Importer(2089858483,192608db42251d675da83286b1cce702)
Start importing Assets/TextMesh Pro/Examples & Extras/Scripts/ShaderPropAnimator.cs using Guid(2787a46a4dc848c1b4b7b9307b614bfd) Importer(2089858483,192608db42251d675da83286b1cce702) (ScriptedImporter) -> (artifact id: '599cd1fefb3d1bcbb47e5d5bd80de49b') in 0.0168223 seconds
Number of updated asset objects reloaded before import = 0Number of asset objects unloaded after import = 0

========================================================================
Received Import Request.
  Time since last request: 0.000025 seconds.
  path: Assets/Scene.assets/school/props/locker1.fbx
  artifactKey: Guid(a009d4148ee08684d917c68693f75228) Importer(2089858483,192608db42251d675da83286b1cce702)
Start importing Assets/Scene.assets/school/props/locker1.fbx using Guid(a009d4148ee08684d917c68693f75228) Importer(2089858483,192608db42251d675da83286b1cce702) (ScriptedImporter) -> (artifact id: '7b96ffc0774859914c020790f4af2609') in 0.0242913 seconds
Number of updated asset objects reloaded before import = 0Number of asset objects unloaded after import = 8

========================================================================
Received Import Request.
  Time since last request: 0.000014 seconds.
  path: Assets/TextMesh Pro/Examples & Extras/Scenes/08 - Improved Text AlignmentSettings.lighting
  artifactKey: Guid(d330d105d31c39542a1c73bcbc5cc3e0) Importer(2089858483,192608db42251d675da83286b1cce702)
Start importing Assets/TextMesh Pro/Examples & Extras/Scenes/08 - Improved Text AlignmentSettings.lighting using Guid(d330d105d31c39542a1c73bcbc5cc3e0) Importer(2089858483,192608db42251d675da83286b1cce702) (ScriptedImporter) -> (artifact id: '64e4b2eb0d30d60092a03c07d57ed0c6') in 0.0207213 seconds
Number of updated asset objects reloaded before import = 0Number of asset objects unloaded after import = 1

========================================================================
Received Import Request.
  Time since last request: 0.000015 seconds.
  path: Assets/TextMesh Pro/Examples & Extras/Scripts/SkewTextExample.cs
  artifactKey: Guid(d412675cfb3441efa3bf8dcd9b7624dc) Importer(2089858483,192608db42251d675da83286b1cce702)
Start importing Assets/TextMesh Pro/Examples & Extras/Scripts/SkewTextExample.cs using Guid(d412675cfb3441efa3bf8dcd9b7624dc) Importer(2089858483,192608db42251d675da83286b1cce702) (ScriptedImporter) -> (artifact id: '4546d392d955593e68a13eae7c91316c') in 0.0162543 seconds
Number of updated asset objects reloaded before import = 0Number of asset objects unloaded after import = 0

========================================================================
Received Import Request.
  Time since last request: 0.000021 seconds.
  path: Assets/TextMesh Pro/Shaders/SDFFunctions.hlsl
  artifactKey: Guid(96de908384869cd409c75efa351d5edf) Importer(2089858483,192608db42251d675da83286b1cce702)
Start importing Assets/TextMesh Pro/Shaders/SDFFunctions.hlsl using Guid(96de908384869cd409c75efa351d5edf) Importer(2089858483,192608db42251d675da83286b1cce702) (ScriptedImporter) -> (artifact id: '0fe017a3d355e7c3eebce75ac6971634') in 0.0209617 seconds
Number of updated asset objects reloaded before import = 0Number of asset objects unloaded after import = 1

========================================================================
Received Import Request.
  Time since last request: 0.000027 seconds.
  path: Assets/Scene.assets/school/props/book11.fbx
  artifactKey: Guid(469050c7eb8ed64428b8fb7604b109fb) Importer(2089858483,192608db42251d675da83286b1cce702)
Start importing Assets/Scene.assets/school/props/book11.fbx using Guid(469050c7eb8ed64428b8fb7604b109fb) Importer(2089858483,192608db42251d675da83286b1cce702) (ScriptedImporter) -> (artifact id: 'fac5066dbd8cd2269d8ee37b45ec00da') in 0.0290482 seconds
Number of updated asset objects reloaded before import = 0Number of asset objects unloaded after import = 8

========================================================================
Received Import Request.
  Time since last request: 0.000020 seconds.
  path: Assets/Readme.asset
  artifactKey: Guid(8105016687592461f977c054a80ce2f2) Importer(2089858483,192608db42251d675da83286b1cce702)
Start importing Assets/Readme.asset using Guid(8105016687592461f977c054a80ce2f2) Importer(2089858483,192608db42251d675da83286b1cce702) (ScriptedImporter) -> (artifact id: '337a430d9e595bb0313efe7ee438470b') in 0.0252611 seconds
Number of updated asset objects reloaded before import = 0Number of asset objects unloaded after import = 2

========================================================================
Received Import Request.
  Time since last request: 0.000018 seconds.
  path: Assets/TextMesh Pro/Shaders/TMP_SDF-URP Unlit.shadergraph
  artifactKey: Guid(124c112a6e8f1a54e8b0870e881b56d8) Importer(2089858483,192608db42251d675da83286b1cce702)
Start importing Assets/TextMesh Pro/Shaders/TMP_SDF-URP Unlit.shadergraph using Guid(124c112a6e8f1a54e8b0870e881b56d8) Importer(2089858483,192608db42251d675da83286b1cce702) (ScriptedImporter) -> (artifact id: 'd43b6c40813aa52c99565af35ca80188') in 0.029917 seconds
Number of updated asset objects reloaded before import = 0Number of asset objects unloaded after import = 4

========================================================================
Received Import Request.
  Time since last request: 0.000026 seconds.
  path: Assets/Scene.assets/school/props/book7.fbx
  artifactKey: Guid(c33f36ac04fd4ef4eb1421d50ecb1d83) Importer(2089858483,192608db42251d675da83286b1cce702)
Start importing Assets/Scene.assets/school/props/book7.fbx using Guid(c33f36ac04fd4ef4eb1421d50ecb1d83) Importer(2089858483,192608db42251d675da83286b1cce702) (ScriptedImporter) -> (artifact id: '13d2cd7e489d65168a5bb6f8eb167bfa') in 0.0246835 seconds
Number of updated asset objects reloaded before import = 0Number of asset objects unloaded after import = 8

========================================================================
Received Import Request.
  Time since last request: 0.000038 seconds.
  path: Assets/TextMesh Pro/Examples & Extras/Scripts/TeleType.cs
  artifactKey: Guid(e32c266ee6204b21a427753cb0694c81) Importer(2089858483,192608db42251d675da83286b1cce702)
Start importing Assets/TextMesh Pro/Examples & Extras/Scripts/TeleType.cs using Guid(e32c266ee6204b21a427753cb0694c81) Importer(2089858483,192608db42251d675da83286b1cce702) (ScriptedImporter) -> (artifact id: '6b11bd113b7896874425e93a39cd1a01') in 0.0158695 seconds
Number of updated asset objects reloaded before import = 0Number of asset objects unloaded after import = 0

========================================================================
Received Import Request.
  Time since last request: 0.000028 seconds.
  path: Assets/TextMesh Pro/Examples & Extras/Fonts/Electronic Highway Sign.TTF
  artifactKey: Guid(8a2b9e2a607dd2143b58c44bc32410b4) Importer(2089858483,192608db42251d675da83286b1cce702)
Start importing Assets/TextMesh Pro/Examples & Extras/Fonts/Electronic Highway Sign.TTF using Guid(8a2b9e2a607dd2143b58c44bc32410b4) Importer(2089858483,192608db42251d675da83286b1cce702) (ScriptedImporter) -> (artifact id: 'e9e6bc4f266a32c7989710ccfb5084ce') in 0.0198613 seconds
Number of updated asset objects reloaded before import = 0Number of asset objects unloaded after import = 3

========================================================================
Received Import Request.
  Time since last request: 0.000018 seconds.
  path: Assets/Scene.assets/school/props/locker_3.fbx
  artifactKey: Guid(2ef5cccbf9af996448903a637411876a) Importer(2089858483,192608db42251d675da83286b1cce702)
Start importing Assets/Scene.assets/school/props/locker_3.fbx using Guid(2ef5cccbf9af996448903a637411876a) Importer(2089858483,192608db42251d675da83286b1cce702) (ScriptedImporter) -> (artifact id: '65523143d4a36852db7a62b8535f1779') in 0.0269423 seconds
Number of updated asset objects reloaded before import = 0Number of asset objects unloaded after import = 8

========================================================================
Received Import Request.
  Time since last request: 0.000023 seconds.
  path: Assets/TextMesh Pro/Examples & Extras/Scenes/13 - Soft Hyphenation.unity
  artifactKey: Guid(875684baf40f4d008ce806d03e2a81b2) Importer(2089858483,192608db42251d675da83286b1cce702)
Start importing Assets/TextMesh Pro/Examples & Extras/Scenes/13 - Soft Hyphenation.unity using Guid(875684baf40f4d008ce806d03e2a81b2) Importer(2089858483,192608db42251d675da83286b1cce702) (ScriptedImporter) -> (artifact id: '262d14b7b19b05a29e07ea864c90b387') in 0.0172584 seconds
Number of updated asset objects reloaded before import = 0Number of asset objects unloaded after import = 1

========================================================================
Received Import Request.
  Time since last request: 0.000020 seconds.
  path: Assets/TextMesh Pro/Examples & Extras/Materials/Crate - Surface Shader Scene.mat
  artifactKey: Guid(e6b9b44320f4448d9d5e0ee634259966) Importer(2089858483,192608db42251d675da83286b1cce702)
Start importing Assets/TextMesh Pro/Examples & Extras/Materials/Crate - Surface Shader Scene.mat using Guid(e6b9b44320f4448d9d5e0ee634259966) Importer(2089858483,192608db42251d675da83286b1cce702) (ScriptedImporter) -> (artifact id: '7b55d079499d285a150f769aac6a0cab') in 0.0350136 seconds
Number of updated asset objects reloaded before import = 0Number of asset objects unloaded after import = 3

========================================================================
Received Import Request.
  Time since last request: 0.000021 seconds.
  path: Assets/TextMesh Pro/Shaders/TMP_SDF-Mobile-2-Pass.shader
  artifactKey: Guid(0178fcb869bafef4690d177d31d17db8) Importer(2089858483,192608db42251d675da83286b1cce702)
Start importing Assets/TextMesh Pro/Shaders/TMP_SDF-Mobile-2-Pass.shader using Guid(0178fcb869bafef4690d177d31d17db8) Importer(2089858483,192608db42251d675da83286b1cce702) (ScriptedImporter) -> (artifact id: 'f7ccd6793bba091ebae6999a75d5fe29') in 0.0122644 seconds
Number of updated asset objects reloaded before import = 0Number of asset objects unloaded after import = 1

========================================================================
Received Import Request.
  Time since last request: 0.000031 seconds.
  path: Assets/Scene.assets/school/props/locker.fbx
  artifactKey: Guid(a92e660226b52b745a9b7bc5e9794051) Importer(2089858483,192608db42251d675da83286b1cce702)
Start importing Assets/Scene.assets/school/props/locker.fbx using Guid(a92e660226b52b745a9b7bc5e9794051) Importer(2089858483,192608db42251d675da83286b1cce702) (ScriptedImporter) -> (artifact id: 'a983f0f4ffd5105d8576358f11336b9e') in 0.0228424 seconds
Number of updated asset objects reloaded before import = 0Number of asset objects unloaded after import = 8

========================================================================
Received Import Request.
  Time since last request: 0.000015 seconds.
  path: Assets/TextMesh Pro/Examples & Extras/Scenes/20 - Input Field with Scrollbar.unity
  artifactKey: Guid(337f92480dd24675aae9e79210fb1ad9) Importer(2089858483,192608db42251d675da83286b1cce702)
Start importing Assets/TextMesh Pro/Examples & Extras/Scenes/20 - Input Field with Scrollbar.unity using Guid(337f92480dd24675aae9e79210fb1ad9) Importer(2089858483,192608db42251d675da83286b1cce702) (ScriptedImporter) -> (artifact id: '98bd9c069fe08f594d8fc16dc9231539') in 0.0167767 seconds
Number of updated asset objects reloaded before import = 0Number of asset objects unloaded after import = 1

========================================================================
Received Import Request.
  Time since last request: 0.000017 seconds.
  path: Assets/TextMesh Pro/Examples & Extras/Scenes/22 - Basic Scripting Example.unity
  artifactKey: Guid(6250f98e58fe4abbaada5d84b7ca846d) Importer(2089858483,192608db42251d675da83286b1cce702)
Start importing Assets/TextMesh Pro/Examples & Extras/Scenes/22 - Basic Scripting Example.unity using Guid(6250f98e58fe4abbaada5d84b7ca846d) Importer(2089858483,192608db42251d675da83286b1cce702) (ScriptedImporter) -> (artifact id: '93fc4b5a107983d5a93566954717819f') in 0.0246018 seconds
Number of updated asset objects reloaded before import = 0Number of asset objects unloaded after import = 1

========================================================================
Received Import Request.
  Time since last request: 0.000016 seconds.
  path: Assets/TextMesh Pro/Examples & Extras/Scenes/07 - Superscript & Subscript Example.unity
  artifactKey: Guid(03ec435d4b7140e9b2d87f79136d8374) Importer(2089858483,192608db42251d675da83286b1cce702)
Start importing Assets/TextMesh Pro/Examples & Extras/Scenes/07 - Superscript & Subscript Example.unity using Guid(03ec435d4b7140e9b2d87f79136d8374) Importer(2089858483,192608db42251d675da83286b1cce702) (ScriptedImporter) -> (artifact id: 'a510cb8ed5d622793e8947639d52aca0') in 0.0212074 seconds
Number of updated asset objects reloaded before import = 0Number of asset objects unloaded after import = 1

========================================================================
Received Import Request.
  Time since last request: 0.000025 seconds.
  path: Assets/Scene.assets/school/props/locker_2.fbx
  artifactKey: Guid(4961a98492915344fad8693ff35cc1e8) Importer(2089858483,192608db42251d675da83286b1cce702)
Start importing Assets/Scene.assets/school/props/locker_2.fbx using Guid(4961a98492915344fad8693ff35cc1e8) Importer(2089858483,192608db42251d675da83286b1cce702) (ScriptedImporter) -> (artifact id: 'dcbf4f38a4adba9c46ed32b1d8d2ae0a') in 0.0225234 seconds
Number of updated asset objects reloaded before import = 0Number of asset objects unloaded after import = 8

========================================================================
Received Import Request.
  Time since last request: 0.000014 seconds.
  path: Assets/TextMesh Pro/Shaders/TMP_SDF-HDRP UNLIT.shadergraph
  artifactKey: Guid(f63d574838ccfb44f84acc05fed0af48) Importer(2089858483,192608db42251d675da83286b1cce702)
Start importing Assets/TextMesh Pro/Shaders/TMP_SDF-HDRP UNLIT.shadergraph using Guid(f63d574838ccfb44f84acc05fed0af48) Importer(2089858483,192608db42251d675da83286b1cce702) (ScriptedImporter) -> (artifact id: '59448b0df5a45b230162fca87b5d0243') in 0.0204792 seconds
Number of updated asset objects reloaded before import = 0Number of asset objects unloaded after import = 3

========================================================================
Received Import Request.
  Time since last request: 0.000017 seconds.
  path: Assets/TextMesh Pro/Shaders/TMP_Sprite.shader
  artifactKey: Guid(cf81c85f95fe47e1a27f6ae460cf182c) Importer(2089858483,192608db42251d675da83286b1cce702)
Start importing Assets/TextMesh Pro/Shaders/TMP_Sprite.shader using Guid(cf81c85f95fe47e1a27f6ae460cf182c) Importer(2089858483,192608db42251d675da83286b1cce702) (ScriptedImporter) -> (artifact id: '1f0fc13482825871c2c439747179c8f0') in 0.0109745 seconds
Number of updated asset objects reloaded before import = 0Number of asset objects unloaded after import = 1

========================================================================
Received Import Request.
  Time since last request: 0.000032 seconds.
  path: Assets/Scene.assets/school/props/book9.fbx
  artifactKey: Guid(6955ffbde79fdc946ba53b35794d8eb8) Importer(2089858483,192608db42251d675da83286b1cce702)
Start importing Assets/Scene.assets/school/props/book9.fbx using Guid(6955ffbde79fdc946ba53b35794d8eb8) Importer(2089858483,192608db42251d675da83286b1cce702) (ScriptedImporter) -> (artifact id: '70ef643a3d02e9a5eea3ef1f7b6c9fb1') in 0.0241261 seconds
Number of updated asset objects reloaded before import = 0Number of asset objects unloaded after import = 8

========================================================================
Received Import Request.
  Time since last request: 0.000016 seconds.
  path: Assets/TextMesh Pro/Examples & Extras/Scripts/SimpleScript.cs
  artifactKey: Guid(9eff140b25d64601aabc6ba32245d099) Importer(2089858483,192608db42251d675da83286b1cce702)
Start importing Assets/TextMesh Pro/Examples & Extras/Scripts/SimpleScript.cs using Guid(9eff140b25d64601aabc6ba32245d099) Importer(2089858483,192608db42251d675da83286b1cce702) (ScriptedImporter) -> (artifact id: '0f9442210bfe5178ca60ef5a6fb1a49f') in 0.0100112 seconds
Number of updated asset objects reloaded before import = 0Number of asset objects unloaded after import = 0

========================================================================
Received Import Request.
  Time since last request: 0.000019 seconds.
  path: Assets/TextMesh Pro/Examples & Extras/Scenes/26 - Dropdown Placeholder ExampleSettings.lighting
  artifactKey: Guid(467724d7ffa102148a19f91587daa2fa) Importer(2089858483,192608db42251d675da83286b1cce702)
Start importing Assets/TextMesh Pro/Examples & Extras/Scenes/26 - Dropdown Placeholder ExampleSettings.lighting using Guid(467724d7ffa102148a19f91587daa2fa) Importer(2089858483,192608db42251d675da83286b1cce702) (ScriptedImporter) -> (artifact id: '895f95dbf2d495f2f0e3a6ed5c4604de') in 0.0211553 seconds
Number of updated asset objects reloaded before import = 0Number of asset objects unloaded after import = 1

========================================================================
Received Import Request.
  Time since last request: 0.000019 seconds.
  path: Assets/TextMesh Pro/Examples & Extras/Scripts/CameraController.cs
  artifactKey: Guid(2d687537154440a3913a9a3c7977978c) Importer(2089858483,192608db42251d675da83286b1cce702)
Start importing Assets/TextMesh Pro/Examples & Extras/Scripts/CameraController.cs using Guid(2d687537154440a3913a9a3c7977978c) Importer(2089858483,192608db42251d675da83286b1cce702) (ScriptedImporter) -> (artifact id: '460f6d249aa9aec1dc4332017d1b7549') in 0.0118223 seconds
Number of updated asset objects reloaded before import = 0Number of asset objects unloaded after import = 0

========================================================================
Received Import Request.
  Time since last request: 0.000022 seconds.
  path: Assets/TextMesh Pro/Examples & Extras/Scenes/24 - Surface Shader Example.unity
  artifactKey: Guid(8c4969fd8ba94a68b07cf11f3e7a5137) Importer(2089858483,192608db42251d675da83286b1cce702)
Start importing Assets/TextMesh Pro/Examples & Extras/Scenes/24 - Surface Shader Example.unity using Guid(8c4969fd8ba94a68b07cf11f3e7a5137) Importer(2089858483,192608db42251d675da83286b1cce702) (ScriptedImporter) -> (artifact id: 'a83e7d2a6a635801f27d899f4b3e431d') in 0.0199752 seconds
Number of updated asset objects reloaded before import = 0Number of asset objects unloaded after import = 1

========================================================================
Received Import Request.
  Time since last request: 0.000023 seconds.
  path: Assets/TextMesh Pro/Examples & Extras/Scripts/TextMeshSpawner.cs
  artifactKey: Guid(76c11bbcfddf44e0ba17d6c2751c8d84) Importer(2089858483,192608db42251d675da83286b1cce702)
Start importing Assets/TextMesh Pro/Examples & Extras/Scripts/TextMeshSpawner.cs using Guid(76c11bbcfddf44e0ba17d6c2751c8d84) Importer(2089858483,192608db42251d675da83286b1cce702) (ScriptedImporter) -> (artifact id: '3b4e93312b066d86a1b32bc7ec606a8c') in 0.0114161 seconds
Number of updated asset objects reloaded before import = 0Number of asset objects unloaded after import = 0

========================================================================
Received Import Request.
  Time since last request: 0.000031 seconds.
  path: Assets/TextMesh Pro/Examples & Extras/Scenes/26 - Dropdown Placeholder Example.unity
  artifactKey: Guid(0851605490a599b46b6ac5cb681d93ea) Importer(2089858483,192608db42251d675da83286b1cce702)
Start importing Assets/TextMesh Pro/Examples & Extras/Scenes/26 - Dropdown Placeholder Example.unity using Guid(0851605490a599b46b6ac5cb681d93ea) Importer(2089858483,192608db42251d675da83286b1cce702) (ScriptedImporter) -> (artifact id: '021b4840beb3914534d29567a3b9fc88') in 0.0167214 seconds
Number of updated asset objects reloaded before import = 0Number of asset objects unloaded after import = 1

========================================================================
Received Import Request.
  Time since last request: 0.000026 seconds.
  path: Assets/Scene.assets/school/props/book8.fbx
  artifactKey: Guid(c84426d852eade14f99559ca019e22ce) Importer(2089858483,192608db42251d675da83286b1cce702)
Start importing Assets/Scene.assets/school/props/book8.fbx using Guid(c84426d852eade14f99559ca019e22ce) Importer(2089858483,192608db42251d675da83286b1cce702) (ScriptedImporter) -> (artifact id: 'f1b1f41bc652d0833d8e17958ed2dcde') in 0.020844 seconds
Number of updated asset objects reloaded before import = 0Number of asset objects unloaded after import = 8

========================================================================
Received Import Request.
  Time since last request: 0.000020 seconds.
  path: Assets/TextMesh Pro/Examples & Extras/Fonts/Oswald-Bold - OFL.txt
  artifactKey: Guid(d2cf87a8a7a94aa8b80dff1c807c1178) Importer(2089858483,192608db42251d675da83286b1cce702)
Start importing Assets/TextMesh Pro/Examples & Extras/Fonts/Oswald-Bold - OFL.txt using Guid(d2cf87a8a7a94aa8b80dff1c807c1178) Importer(2089858483,192608db42251d675da83286b1cce702) (ScriptedImporter) -> (artifact id: '8974d648f6d1c01183964616d1937309') in 0.0151358 seconds
Number of updated asset objects reloaded before import = 0Number of asset objects unloaded after import = 1

========================================================================
Received Import Request.
  Time since last request: 0.000016 seconds.
  path: Assets/Scene.assets/school/props/wall001.fbx
  artifactKey: Guid(674bca1160f50d546aaac5b261a08000) Importer(2089858483,192608db42251d675da83286b1cce702)
Start importing Assets/Scene.assets/school/props/wall001.fbx using Guid(674bca1160f50d546aaac5b261a08000) Importer(2089858483,192608db42251d675da83286b1cce702) (ScriptedImporter) -> (artifact id: '1b17f15f3aeb458a05fc498c4bcac64c') in 0.0223116 seconds
Number of updated asset objects reloaded before import = 0Number of asset objects unloaded after import = 13

========================================================================
Received Import Request.
  Time since last request: 0.000016 seconds.
  path: Assets/TextMesh Pro/Shaders/TMP_SDF-Mobile Overlay.shader
  artifactKey: Guid(a02a7d8c237544f1962732b55a9aebf1) Importer(2089858483,192608db42251d675da83286b1cce702)
Start importing Assets/TextMesh Pro/Shaders/TMP_SDF-Mobile Overlay.shader using Guid(a02a7d8c237544f1962732b55a9aebf1) Importer(2089858483,192608db42251d675da83286b1cce702) (ScriptedImporter) -> (artifact id: '15dbb7afb06b545de5544ba962621b90') in 0.0149619 seconds
Number of updated asset objects reloaded before import = 0Number of asset objects unloaded after import = 1

========================================================================
Received Import Request.
  Time since last request: 0.000025 seconds.
  path: Assets/TextMesh Pro/Examples & Extras/Scenes/12a - Text Interactions.unity
  artifactKey: Guid(08572ab7713642c8a60789750f0bce5c) Importer(2089858483,192608db42251d675da83286b1cce702)
Start importing Assets/TextMesh Pro/Examples & Extras/Scenes/12a - Text Interactions.unity using Guid(08572ab7713642c8a60789750f0bce5c) Importer(2089858483,192608db42251d675da83286b1cce702) (ScriptedImporter) -> (artifact id: '54b82f51f8df47a3d4650ed6a34bcd66') in 0.0201194 seconds
Number of updated asset objects reloaded before import = 0Number of asset objects unloaded after import = 1

========================================================================
Received Import Request.
  Time since last request: 0.000027 seconds.
  path: Assets/TextMesh Pro/Examples & Extras/Fonts/Oswald-Bold.ttf
  artifactKey: Guid(c9f6d0e7bc8541498c9a4799ba184ede) Importer(2089858483,192608db42251d675da83286b1cce702)
Start importing Assets/TextMesh Pro/Examples & Extras/Fonts/Oswald-Bold.ttf using Guid(c9f6d0e7bc8541498c9a4799ba184ede) Importer(2089858483,192608db42251d675da83286b1cce702) (ScriptedImporter) -> (artifact id: '0097f2c1251f6062f66e1c7bae735994') in 0.0229728 seconds
Number of updated asset objects reloaded before import = 0Number of asset objects unloaded after import = 3

========================================================================
Received Import Request.
  Time since last request: 0.000021 seconds.
  path: Assets/Scene.assets/school/DemoScene/all_.unity
  artifactKey: Guid(378551c9dbb787b4f9dd2e04ec1454e5) Importer(2089858483,192608db42251d675da83286b1cce702)
Start importing Assets/Scene.assets/school/DemoScene/all_.unity using Guid(378551c9dbb787b4f9dd2e04ec1454e5) Importer(2089858483,192608db42251d675da83286b1cce702) (ScriptedImporter) -> (artifact id: 'dea4447e73b556dd8b841661a95d971e') in 0.0208563 seconds
Number of updated asset objects reloaded before import = 0Number of asset objects unloaded after import = 1

========================================================================
Received Import Request.
  Time since last request: 0.000025 seconds.
  path: Assets/Scenes/SampleScene.unity
  artifactKey: Guid(99c9720ab356a0642a771bea13969a05) Importer(2089858483,192608db42251d675da83286b1cce702)
Start importing Assets/Scenes/SampleScene.unity using Guid(99c9720ab356a0642a771bea13969a05) Importer(2089858483,192608db42251d675da83286b1cce702) (ScriptedImporter) -> (artifact id: 'fb25225061a929ab9c47ca21f6a3b342') in 0.0149347 seconds
Number of updated asset objects reloaded before import = 0Number of asset objects unloaded after import = 1

========================================================================
Received Import Request.
  Time since last request: 0.000016 seconds.
  path: Assets/Scene.assets/school/DemoScene/all_objects.unity
  artifactKey: Guid(c206d02e77fbc3148a269062ea0e8069) Importer(2089858483,192608db42251d675da83286b1cce702)
Start importing Assets/Scene.assets/school/DemoScene/all_objects.unity using Guid(c206d02e77fbc3148a269062ea0e8069) Importer(2089858483,192608db42251d675da83286b1cce702) (ScriptedImporter) -> (artifact id: 'b121ef86c9a6de069c47c51bef933e0b') in 0.0209055 seconds
Number of updated asset objects reloaded before import = 0Number of asset objects unloaded after import = 1

========================================================================
Received Import Request.
  Time since last request: 0.000019 seconds.
  path: Assets/TextMesh Pro/Examples & Extras/Fonts/Roboto-Bold - License.txt
  artifactKey: Guid(f0303f887b8fa7243a51432c478ff2f3) Importer(2089858483,192608db42251d675da83286b1cce702)
Start importing Assets/TextMesh Pro/Examples & Extras/Fonts/Roboto-Bold - License.txt using Guid(f0303f887b8fa7243a51432c478ff2f3) Importer(2089858483,192608db42251d675da83286b1cce702) (ScriptedImporter) -> (artifact id: '6cbc5860b9077e3405f8f2505f42af67') in 0.0159404 seconds
Number of updated asset objects reloaded before import = 0Number of asset objects unloaded after import = 1

========================================================================
Received Import Request.
  Time since last request: 0.000025 seconds.
  path: Assets/TextMesh Pro/Examples & Extras/Scenes/23 - Animating Vertex AttributesSettings.lighting
  artifactKey: Guid(eeedb5ffad580624181fbf14495e69dd) Importer(2089858483,192608db42251d675da83286b1cce702)
Start importing Assets/TextMesh Pro/Examples & Extras/Scenes/23 - Animating Vertex AttributesSettings.lighting using Guid(eeedb5ffad580624181fbf14495e69dd) Importer(2089858483,192608db42251d675da83286b1cce702) (ScriptedImporter) -> (artifact id: '7e2c7929acc490a333b6ee81f3cdd36a') in 0.0189788 seconds
Number of updated asset objects reloaded before import = 0Number of asset objects unloaded after import = 1

========================================================================
Received Import Request.
  Time since last request: 0.000017 seconds.
  path: Assets/TextMesh Pro/Examples & Extras/Materials/Ground - Logo Scene.mat
  artifactKey: Guid(c719e38f25a9480abd2480ab621a2949) Importer(2089858483,192608db42251d675da83286b1cce702)
Start importing Assets/TextMesh Pro/Examples & Extras/Materials/Ground - Logo Scene.mat using Guid(c719e38f25a9480abd2480ab621a2949) Importer(2089858483,192608db42251d675da83286b1cce702) (ScriptedImporter) -> (artifact id: 'a9de5964742ac76aa03820fbe467a230') in 0.0247561 seconds
Number of updated asset objects reloaded before import = 0Number of asset objects unloaded after import = 2

========================================================================
Received Import Request.
  Time since last request: 0.000019 seconds.
  path: Assets/TextMesh Pro/Examples & Extras/Scenes/28 - HDRP Shader Example.unity
  artifactKey: Guid(eea2b7206368b444e84fbec4ec32b64a) Importer(2089858483,192608db42251d675da83286b1cce702)
Start importing Assets/TextMesh Pro/Examples & Extras/Scenes/28 - HDRP Shader Example.unity using Guid(eea2b7206368b444e84fbec4ec32b64a) Importer(2089858483,192608db42251d675da83286b1cce702) (ScriptedImporter) -> (artifact id: '802a1caa6f367810ccb594facb12dffa') in 0.017904 seconds
Number of updated asset objects reloaded before import = 0Number of asset objects unloaded after import = 1

========================================================================
Received Import Request.
  Time since last request: 0.000019 seconds.
  path: Assets/TextMesh Pro/Examples & Extras/Scripts/Benchmark01_UGUI.cs
  artifactKey: Guid(8ef7be1c625941f7ba8ed7cc71718c0d) Importer(2089858483,192608db42251d675da83286b1cce702)
Start importing Assets/TextMesh Pro/Examples & Extras/Scripts/Benchmark01_UGUI.cs using Guid(8ef7be1c625941f7ba8ed7cc71718c0d) Importer(2089858483,192608db42251d675da83286b1cce702) (ScriptedImporter) -> (artifact id: 'ad547b942c88d60104d28f8a6ead3862') in 0.0127927 seconds
Number of updated asset objects reloaded before import = 0Number of asset objects unloaded after import = 0

========================================================================
Received Import Request.
  Time since last request: 0.000026 seconds.
  path: Assets/TextMesh Pro/Shaders/TMP_Bitmap-Custom-Atlas.shader
  artifactKey: Guid(48bb5f55d8670e349b6e614913f9d910) Importer(2089858483,192608db42251d675da83286b1cce702)
Start importing Assets/TextMesh Pro/Shaders/TMP_Bitmap-Custom-Atlas.shader using Guid(48bb5f55d8670e349b6e614913f9d910) Importer(2089858483,192608db42251d675da83286b1cce702) (ScriptedImporter) -> (artifact id: '14c2443f0f8768e3371254c2a7fb9a18') in 0.0171443 seconds
Number of updated asset objects reloaded before import = 0Number of asset objects unloaded after import = 1

========================================================================
Received Import Request.
  Time since last request: 0.000015 seconds.
  path: Assets/Scene.assets/school/props/book16.fbx
  artifactKey: Guid(804dc1b5bcbda42449135bc1c93de072) Importer(2089858483,192608db42251d675da83286b1cce702)
Start importing Assets/Scene.assets/school/props/book16.fbx using Guid(804dc1b5bcbda42449135bc1c93de072) Importer(2089858483,192608db42251d675da83286b1cce702) (ScriptedImporter) -> (artifact id: '920615f964e2635d74426ae61b363895') in 0.0239118 seconds
Number of updated asset objects reloaded before import = 0Number of asset objects unloaded after import = 8

========================================================================
Received Import Request.
  Time since last request: 0.000018 seconds.
  path: Assets/Settings/SampleSceneProfile.asset
  artifactKey: Guid(10fc4df2da32a41aaa32d77bc913491c) Importer(2089858483,192608db42251d675da83286b1cce702)
Start importing Assets/Settings/SampleSceneProfile.asset using Guid(10fc4df2da32a41aaa32d77bc913491c) Importer(2089858483,192608db42251d675da83286b1cce702) (ScriptedImporter) -> (artifact id: '6db462b2a196a97d1dfbb1064d66e9e0') in 0.017605 seconds
Number of updated asset objects reloaded before import = 0Number of asset objects unloaded after import = 1

========================================================================
Received Import Request.
  Time since last request: 0.000019 seconds.
  path: Assets/TextMesh Pro/Examples & Extras/Scenes/12 - Link ExampleSettings.lighting
  artifactKey: Guid(2563d0867bcb74a4f8969af26e0d5cff) Importer(2089858483,192608db42251d675da83286b1cce702)
Start importing Assets/TextMesh Pro/Examples & Extras/Scenes/12 - Link ExampleSettings.lighting using Guid(2563d0867bcb74a4f8969af26e0d5cff) Importer(2089858483,192608db42251d675da83286b1cce702) (ScriptedImporter) -> (artifact id: '2d138f2f68e1b738a9955aeec9c762af') in 0.0226056 seconds
Number of updated asset objects reloaded before import = 0Number of asset objects unloaded after import = 1

========================================================================
Received Import Request.
  Time since last request: 0.000025 seconds.
  path: Assets/Principal/NavMesh-NavMesh Surface.asset
  artifactKey: Guid(d049b8144825f484aaf6364869d4fb9d) Importer(2089858483,192608db42251d675da83286b1cce702)
Start importing Assets/Principal/NavMesh-NavMesh Surface.asset using Guid(d049b8144825f484aaf6364869d4fb9d) Importer(2089858483,192608db42251d675da83286b1cce702) (ScriptedImporter) -> (artifact id: '7bb594fc8a74daf51ed1bda9c9113e2d') in 0.0211067 seconds
Number of updated asset objects reloaded before import = 0Number of asset objects unloaded after import = 1

========================================================================
Received Import Request.
  Time since last request: 0.000026 seconds.
  path: Assets/TextMesh Pro/Examples & Extras/Scripts/TextMeshProFloatingText.cs
  artifactKey: Guid(a4d4c76e63944cba8c7d00f56334b98c) Importer(2089858483,192608db42251d675da83286b1cce702)
Start importing Assets/TextMesh Pro/Examples & Extras/Scripts/TextMeshProFloatingText.cs using Guid(a4d4c76e63944cba8c7d00f56334b98c) Importer(2089858483,192608db42251d675da83286b1cce702) (ScriptedImporter) -> (artifact id: '65f26e52a6fad0d5cc09039290f511b4') in 0.0160805 seconds
Number of updated asset objects reloaded before import = 0Number of asset objects unloaded after import = 0

========================================================================
Received Import Request.
  Time since last request: 0.000021 seconds.
  path: Assets/Principal.unity
  artifactKey: Guid(ae2a17e07cc985b4ab9f09c4d3aa6290) Importer(2089858483,192608db42251d675da83286b1cce702)
Start importing Assets/Principal.unity using Guid(ae2a17e07cc985b4ab9f09c4d3aa6290) Importer(2089858483,192608db42251d675da83286b1cce702) (ScriptedImporter) -> (artifact id: 'b5a2ba10faf88bc5eb00a1e69aae99a5') in 0.0245924 seconds
Number of updated asset objects reloaded before import = 0Number of asset objects unloaded after import = 1

========================================================================
Received Import Request.
  Time since last request: 0.000018 seconds.
  path: Assets/Scene.assets/school/props/locker_1.fbx
  artifactKey: Guid(6c66e7ddb4e3bf94e8581dbdbd34d601) Importer(2089858483,192608db42251d675da83286b1cce702)
Start importing Assets/Scene.assets/school/props/locker_1.fbx using Guid(6c66e7ddb4e3bf94e8581dbdbd34d601) Importer(2089858483,192608db42251d675da83286b1cce702) (ScriptedImporter) -> (artifact id: 'd71e169af2f4e7637077fd6a4a4aef04') in 0.0221661 seconds
Number of updated asset objects reloaded before import = 0Number of asset objects unloaded after import = 8

========================================================================
Received Import Request.
  Time since last request: 0.000022 seconds.
  path: Assets/TextMesh Pro/Fonts/LiberationSans.ttf
  artifactKey: Guid(e3265ab4bf004d28a9537516768c1c75) Importer(2089858483,192608db42251d675da83286b1cce702)
Start importing Assets/TextMesh Pro/Fonts/LiberationSans.ttf using Guid(e3265ab4bf004d28a9537516768c1c75) Importer(2089858483,192608db42251d675da83286b1cce702) (ScriptedImporter) -> (artifact id: '8cab1353e86668d46c04a6bf1fa8eaee') in 0.0153443 seconds
Number of updated asset objects reloaded before import = 0Number of asset objects unloaded after import = 3

========================================================================
Received Import Request.
  Time since last request: 0.130707 seconds.
  path: Assets/TextMesh Pro/Examples & Extras/Scripts/TMP_PhoneNumberValidator.cs
  artifactKey: Guid(83680ab1a69f4102ac67d1459fe76e1f) Importer(2089858483,192608db42251d675da83286b1cce702)
Start importing Assets/TextMesh Pro/Examples & Extras/Scripts/TMP_PhoneNumberValidator.cs using Guid(83680ab1a69f4102ac67d1459fe76e1f) Importer(2089858483,192608db42251d675da83286b1cce702) (ScriptedImporter) -> (artifact id: '279a3f547db49070813e5eb85a10b32e') in 0.0284137 seconds
Number of updated asset objects reloaded before import = 0Number of asset objects unloaded after import = 0

========================================================================
Received Import Request.
  Time since last request: 0.000023 seconds.
  path: Assets/TextMesh Pro/Examples & Extras/Textures/Wipe Pattern - Radial Quad.psd
  artifactKey: Guid(2b5e9ae96c5644d8bae932f8b4ca68a2) Importer(2089858483,192608db42251d675da83286b1cce702)
Start importing Assets/TextMesh Pro/Examples & Extras/Textures/Wipe Pattern - Radial Quad.psd using Guid(2b5e9ae96c5644d8bae932f8b4ca68a2) Importer(2089858483,192608db42251d675da83286b1cce702) (ScriptedImporter) -> (artifact id: 'f2f65df3480fa7cd131889497b83d61f') in 0.022607 seconds
Number of updated asset objects reloaded before import = 0Number of asset objects unloaded after import = 1

========================================================================
Received Import Request.
  Time since last request: 0.000018 seconds.
  path: Assets/TextMesh Pro/Examples & Extras/Sprites/Default Sprites.png
  artifactKey: Guid(a0fc465d6cf04254a2938578735e2383) Importer(2089858483,192608db42251d675da83286b1cce702)
Start importing Assets/TextMesh Pro/Examples & Extras/Sprites/Default Sprites.png using Guid(a0fc465d6cf04254a2938578735e2383) Importer(2089858483,192608db42251d675da83286b1cce702) (ScriptedImporter) -> (artifact id: '4ef2810f23633685316e75f0ede09770') in 0.0215243 seconds
Number of updated asset objects reloaded before import = 0Number of asset objects unloaded after import = 1

========================================================================
Received Import Request.
  Time since last request: 0.000027 seconds.
  path: Assets/Scene.assets/_Project/AudioVisual/Preferbs/Animation/Jogador.controller
  artifactKey: Guid(911ef7903871e76449b27ac6d0f32ba8) Importer(2089858483,192608db42251d675da83286b1cce702)
Start importing Assets/Scene.assets/_Project/AudioVisual/Preferbs/Animation/Jogador.controller using Guid(911ef7903871e76449b27ac6d0f32ba8) Importer(2089858483,192608db42251d675da83286b1cce702) (ScriptedImporter) -> (artifact id: '7e9b15831bfc16fc330eaf726ae373db') in 0.0235547 seconds
Number of updated asset objects reloaded before import = 0Number of asset objects unloaded after import = 3

========================================================================
Received Import Request.
  Time since last request: 0.000017 seconds.
  path: Assets/TextMesh Pro/Resources/Style Sheets/Default Style Sheet.asset
  artifactKey: Guid(f952c082cb03451daed3ee968ac6c63e) Importer(2089858483,192608db42251d675da83286b1cce702)
Start importing Assets/TextMesh Pro/Resources/Style Sheets/Default Style Sheet.asset using Guid(f952c082cb03451daed3ee968ac6c63e) Importer(2089858483,192608db42251d675da83286b1cce702) (ScriptedImporter) -> (artifact id: '72c1a7a1c7175aebad33a5b2a44723e1') in 0.0147792 seconds
Number of updated asset objects reloaded before import = 0Number of asset objects unloaded after import = 1

========================================================================
Received Import Request.
  Time since last request: 0.000027 seconds.
  path: Assets/TextMesh Pro/Resources/Fonts & Materials/LiberationSans SDF - Fallback.asset
  artifactKey: Guid(2e498d1c8094910479dc3e1b768306a4) Importer(2089858483,192608db42251d675da83286b1cce702)
Start importing Assets/TextMesh Pro/Resources/Fonts & Materials/LiberationSans SDF - Fallback.asset using Guid(2e498d1c8094910479dc3e1b768306a4) Importer(2089858483,192608db42251d675da83286b1cce702) (ScriptedImporter) -> (artifact id: '0555ab94c03211bb6cde314c3a095feb') in 0.0265312 seconds
Number of updated asset objects reloaded before import = 0Number of asset objects unloaded after import = 5

========================================================================
Received Import Request.
  Time since last request: 0.000023 seconds.
  path: Assets/Scene.assets/_Project/AudioVisual/Preferbs/School/Objects/locker2.prefab
  artifactKey: Guid(5c2334af47df6454c9e2eaadbfaa2cb0) Importer(2089858483,192608db42251d675da83286b1cce702)
Start importing Assets/Scene.assets/_Project/AudioVisual/Preferbs/School/Objects/locker2.prefab using Guid(5c2334af47df6454c9e2eaadbfaa2cb0) Importer(2089858483,192608db42251d675da83286b1cce702) (ScriptedImporter) -> (artifact id: 'b1cd6a7e06ebf731c4d5cf8aa868607b') in 0.0323373 seconds
Number of updated asset objects reloaded before import = 0Number of asset objects unloaded after import = 9

========================================================================
Received Import Request.
  Time since last request: 0.000034 seconds.
  path: Assets/Scene.assets/_Project/AudioVisual/Preferbs/Strengs/Directional Light.prefab
  artifactKey: Guid(062763524af31174eaeeb2804db8af97) Importer(2089858483,192608db42251d675da83286b1cce702)
Start importing Assets/Scene.assets/_Project/AudioVisual/Preferbs/Strengs/Directional Light.prefab using Guid(062763524af31174eaeeb2804db8af97) Importer(2089858483,192608db42251d675da83286b1cce702) (ScriptedImporter) -> (artifact id: 'ccc70a7b0f1fd66b078fa4acaa042379') in 0.0371616 seconds
Number of updated asset objects reloaded before import = 0Number of asset objects unloaded after import = 6

========================================================================
Received Import Request.
  Time since last request: 0.000017 seconds.
  path: Assets/Scene.assets/_Project/AudioVisual/Preferbs/School/Objects/book1.prefab
  artifactKey: Guid(f35bd34b33d70144ca22184a194ae6a4) Importer(2089858483,192608db42251d675da83286b1cce702)
Start importing Assets/Scene.assets/_Project/AudioVisual/Preferbs/School/Objects/book1.prefab using Guid(f35bd34b33d70144ca22184a194ae6a4) Importer(2089858483,192608db42251d675da83286b1cce702) (ScriptedImporter) -> (artifact id: 'c5a41520f5a67ad901a28362261f3b96') in 0.0277682 seconds
Number of updated asset objects reloaded before import = 0Number of asset objects unloaded after import = 8

========================================================================
Received Import Request.
  Time since last request: 0.000020 seconds.
  path: Assets/Scene.assets/_Project/AudioVisual/Preferbs/School/Objects/board.prefab
  artifactKey: Guid(adb1204842363d949b4b739100f86523) Importer(2089858483,192608db42251d675da83286b1cce702)
Start importing Assets/Scene.assets/_Project/AudioVisual/Preferbs/School/Objects/board.prefab using Guid(adb1204842363d949b4b739100f86523) Importer(2089858483,192608db42251d675da83286b1cce702) (ScriptedImporter) -> (artifact id: '46ba54c2941234e9e946041102834180') in 0.0210096 seconds
Number of updated asset objects reloaded before import = 0Number of asset objects unloaded after import = 8

========================================================================
Received Import Request.
  Time since last request: 0.000063 seconds.
  path: Assets/Scene.assets/_Project/AudioVisual/Preferbs/Empt/eyeless_jack.glb
  artifactKey: Guid(93a161834de06f943bde2edc9704b279) Importer(2089858483,192608db42251d675da83286b1cce702)
Start importing Assets/Scene.assets/_Project/AudioVisual/Preferbs/Empt/eyeless_jack.glb using Guid(93a161834de06f943bde2edc9704b279) Importer(2089858483,192608db42251d675da83286b1cce702) (ScriptedImporter) -> (artifact id: '0f9bf00dea14b0b88f143fea411ea1a8') in 0.1756864 seconds
Number of updated asset objects reloaded before import = 0Number of asset objects unloaded after import = 460

========================================================================
Received Import Request.
  Time since last request: 0.000022 seconds.
  path: Assets/Scene.assets/_Project/AudioVisual/Preferbs/School/Objects/locker_4.prefab
  artifactKey: Guid(685803a48200879419cbf0f982932eb1) Importer(2089858483,192608db42251d675da83286b1cce702)
Start importing Assets/Scene.assets/_Project/AudioVisual/Preferbs/School/Objects/locker_4.prefab using Guid(685803a48200879419cbf0f982932eb1) Importer(2089858483,192608db42251d675da83286b1cce702) (ScriptedImporter) -> (artifact id: '5dc16ed8e5d3c7d76029de9041395d96') in 0.0296776 seconds
Number of updated asset objects reloaded before import = 0Number of asset objects unloaded after import = 9

========================================================================
Received Import Request.
  Time since last request: 0.000030 seconds.
  path: Assets/TextMesh Pro/Examples & Extras/Textures/Gradient Diagonal (Color).jpg
  artifactKey: Guid(2ce5c55e85304b819a1826ecbc839aa5) Importer(2089858483,192608db42251d675da83286b1cce702)
Start importing Assets/TextMesh Pro/Examples & Extras/Textures/Gradient Diagonal (Color).jpg using Guid(2ce5c55e85304b819a1826ecbc839aa5) Importer(2089858483,192608db42251d675da83286b1cce702) (ScriptedImporter) -> (artifact id: '6514d4dd69d42b68c51349e8ffb40870') in 0.0321488 seconds
Number of updated asset objects reloaded before import = 0Number of asset objects unloaded after import = 1

========================================================================
Received Import Request.
  Time since last request: 0.000017 seconds.
  path: Assets/Scene.assets/_Project/AudioVisual/Preferbs/Strengs/GameManager.prefab
  artifactKey: Guid(1f11b2b626f9eb6468f23e5b9a112556) Importer(2089858483,192608db42251d675da83286b1cce702)
Start importing Assets/Scene.assets/_Project/AudioVisual/Preferbs/Strengs/GameManager.prefab using Guid(1f11b2b626f9eb6468f23e5b9a112556) Importer(2089858483,192608db42251d675da83286b1cce702) (ScriptedImporter) -> (artifact id: '01533d6b5a3874b132ac757bb8967392') in 0.0284004 seconds
Number of updated asset objects reloaded before import = 0Number of asset objects unloaded after import = 5

========================================================================
Received Import Request.
  Time since last request: 0.000019 seconds.
  path: Assets/Scene.assets/_Project/AudioVisual/Preferbs/School/Objects/sheet4.prefab
  artifactKey: Guid(2335e4e4480899f46aabd539af49b014) Importer(2089858483,192608db42251d675da83286b1cce702)
Start importing Assets/Scene.assets/_Project/AudioVisual/Preferbs/School/Objects/sheet4.prefab using Guid(2335e4e4480899f46aabd539af49b014) Importer(2089858483,192608db42251d675da83286b1cce702) (ScriptedImporter) -> (artifact id: '877148347b3ebaabc7796bdb3bd9afb8') in 0.0267873 seconds
Number of updated asset objects reloaded before import = 0Number of asset objects unloaded after import = 8

========================================================================
Received Import Request.
  Time since last request: 0.000032 seconds.
  path: Assets/Scene.assets/_Project/AudioVisual/Preferbs/Strengs/NavMesh Surface.prefab
  artifactKey: Guid(8555221b18e28a0468236b1cff757439) Importer(2089858483,192608db42251d675da83286b1cce702)
Start importing Assets/Scene.assets/_Project/AudioVisual/Preferbs/Strengs/NavMesh Surface.prefab using Guid(8555221b18e28a0468236b1cff757439) Importer(2089858483,192608db42251d675da83286b1cce702) (ScriptedImporter) -> (artifact id: '613fca022f2c68c8ed0f4512b11fc2ce') in 0.0358615 seconds
Number of updated asset objects reloaded before import = 0Number of asset objects unloaded after import = 6

========================================================================
Received Import Request.
  Time since last request: 0.000020 seconds.
  path: Assets/Scene.assets/_Project/AudioVisual/Preferbs/School/Objects/board2.prefab
  artifactKey: Guid(a5387be5615ab204780e8b46f7b3a16e) Importer(2089858483,192608db42251d675da83286b1cce702)
Start importing Assets/Scene.assets/_Project/AudioVisual/Preferbs/School/Objects/board2.prefab using Guid(a5387be5615ab204780e8b46f7b3a16e) Importer(2089858483,192608db42251d675da83286b1cce702) (ScriptedImporter) -> (artifact id: '6d63e82bc1a9a2afb5fd7c42f568cf43') in 0.0315723 seconds
Number of updated asset objects reloaded before import = 0Number of asset objects unloaded after import = 8

========================================================================
Received Import Request.
  Time since last request: 0.000022 seconds.
  path: Assets/Scene.assets/_Project/AudioVisual/Preferbs/School/Objects/locker_5.prefab
  artifactKey: Guid(a0fb9817dd6493340b32e1c86fadfc0b) Importer(2089858483,192608db42251d675da83286b1cce702)
Start importing Assets/Scene.assets/_Project/AudioVisual/Preferbs/School/Objects/locker_5.prefab using Guid(a0fb9817dd6493340b32e1c86fadfc0b) Importer(2089858483,192608db42251d675da83286b1cce702) (ScriptedImporter) -> (artifact id: 'f0c99721b7d897c0bcf95638851bd25f') in 0.0348962 seconds
Number of updated asset objects reloaded before import = 0Number of asset objects unloaded after import = 9

========================================================================
Received Import Request.
  Time since last request: 0.000034 seconds.
  path: Assets/Scene.assets/_Project/AudioVisual/Preferbs/Patrol points/Point (8).prefab
  artifactKey: Guid(d8a0a0fa794265c4fa062b518b063d0d) Importer(2089858483,192608db42251d675da83286b1cce702)
Start importing Assets/Scene.assets/_Project/AudioVisual/Preferbs/Patrol points/Point (8).prefab using Guid(d8a0a0fa794265c4fa062b518b063d0d) Importer(2089858483,192608db42251d675da83286b1cce702) (ScriptedImporter) -> (artifact id: '346eb075a49038b488ce07728e25804c') in 0.0377801 seconds
Number of updated asset objects reloaded before import = 0Number of asset objects unloaded after import = 4

========================================================================
Received Import Request.
  Time since last request: 0.000018 seconds.
  path: Assets/Scene.assets/_Project/AudioVisual/Preferbs/School/Objects/table2.prefab
  artifactKey: Guid(91dc1ab115d03f04b930f9e619fb953f) Importer(2089858483,192608db42251d675da83286b1cce702)
Start importing Assets/Scene.assets/_Project/AudioVisual/Preferbs/School/Objects/table2.prefab using Guid(91dc1ab115d03f04b930f9e619fb953f) Importer(2089858483,192608db42251d675da83286b1cce702) (ScriptedImporter) -> (artifact id: '46d79be80d281fae55fb7a98f119763c') in 0.0416842 seconds
Number of updated asset objects reloaded before import = 0Number of asset objects unloaded after import = 10

========================================================================
Received Import Request.
  Time since last request: 0.000024 seconds.
  path: Assets/Scene.assets/_Project/AudioVisual/Materia/Player.mat
  artifactKey: Guid(c4fd1ea205e1d514996501441b048f70) Importer(2089858483,192608db42251d675da83286b1cce702)
Start importing Assets/Scene.assets/_Project/AudioVisual/Materia/Player.mat using Guid(c4fd1ea205e1d514996501441b048f70) Importer(2089858483,192608db42251d675da83286b1cce702) (ScriptedImporter) -> (artifact id: '8a7bda60a7fb4f35ee4747a4e44de90f') in 0.0261581 seconds
Number of updated asset objects reloaded before import = 0Number of asset objects unloaded after import = 1

========================================================================
Received Import Request.
  Time since last request: 0.000026 seconds.
  path: Assets/TextMesh Pro/Examples & Extras/Scripts/TMP_UiFrameRateCounter.cs
  artifactKey: Guid(24b0dc2d1d494adbbec1f4db26b4cf83) Importer(2089858483,192608db42251d675da83286b1cce702)
Start importing Assets/TextMesh Pro/Examples & Extras/Scripts/TMP_UiFrameRateCounter.cs using Guid(24b0dc2d1d494adbbec1f4db26b4cf83) Importer(2089858483,192608db42251d675da83286b1cce702) (ScriptedImporter) -> (artifact id: 'cc0cc6bd3da890ba89c37ed623b803cf') in 0.0208546 seconds
Number of updated asset objects reloaded before import = 0Number of asset objects unloaded after import = 0

========================================================================
Received Import Request.
  Time since last request: 0.000017 seconds.
  path: Assets/TextMesh Pro/Examples & Extras/Resources/Color Gradient Presets/Yellow to Orange - Vertical.asset
  artifactKey: Guid(69a525efa7e6472eab268f6ea605f06e) Importer(2089858483,192608db42251d675da83286b1cce702)
Start importing Assets/TextMesh Pro/Examples & Extras/Resources/Color Gradient Presets/Yellow to Orange - Vertical.asset using Guid(69a525efa7e6472eab268f6ea605f06e) Importer(2089858483,192608db42251d675da83286b1cce702) (ScriptedImporter) -> (artifact id: 'ec0eac82aa657b4e7c6e427c479d8b07') in 0.027078 seconds
Number of updated asset objects reloaded before import = 0Number of asset objects unloaded after import = 1

========================================================================
Received Import Request.
  Time since last request: 0.000019 seconds.
  path: Assets/TextMesh Pro/Examples & Extras/Sprites/DropCap Numbers.psd
  artifactKey: Guid(fd09957580ac4326916010f1f260975b) Importer(2089858483,192608db42251d675da83286b1cce702)
Start importing Assets/TextMesh Pro/Examples & Extras/Sprites/DropCap Numbers.psd using Guid(fd09957580ac4326916010f1f260975b) Importer(2089858483,192608db42251d675da83286b1cce702) (ScriptedImporter) -> (artifact id: '40bd95b136cdd68f9004ba0336ea6ddb') in 0.0243903 seconds
Number of updated asset objects reloaded before import = 0Number of asset objects unloaded after import = 1

========================================================================
Received Import Request.
  Time since last request: 0.000024 seconds.
  path: Assets/TextMesh Pro/Examples & Extras/Scripts/VertexZoom.cs
  artifactKey: Guid(52ec835d14bd486f900952b77698b7eb) Importer(2089858483,192608db42251d675da83286b1cce702)
Start importing Assets/TextMesh Pro/Examples & Extras/Scripts/VertexZoom.cs using Guid(52ec835d14bd486f900952b77698b7eb) Importer(2089858483,192608db42251d675da83286b1cce702) (ScriptedImporter) -> (artifact id: 'b3b54a53c1d027a11459575a1cd66f8b') in 0.0150448 seconds
Number of updated asset objects reloaded before import = 0Number of asset objects unloaded after import = 0

========================================================================
Received Import Request.
  Time since last request: 0.000019 seconds.
  path: Assets/TextMesh Pro/Examples & Extras/Resources/Fonts & Materials/Unity SDF.asset
  artifactKey: Guid(c9adb1f542a93ae489bacfeae21e8394) Importer(2089858483,192608db42251d675da83286b1cce702)
Start importing Assets/TextMesh Pro/Examples & Extras/Resources/Fonts & Materials/Unity SDF.asset using Guid(c9adb1f542a93ae489bacfeae21e8394) Importer(2089858483,192608db42251d675da83286b1cce702) (ScriptedImporter) -> (artifact id: '7c85bd79d360dc1b020df3542c697bd6') in 0.0453198 seconds
Number of updated asset objects reloaded before import = 0Number of asset objects unloaded after import = 4

========================================================================
Received Import Request.
  Time since last request: 0.000019 seconds.
  path: Assets/Scene.assets/_Project/AudioVisual/Preferbs/School/Objects/book3.prefab
  artifactKey: Guid(0c6751314cb92ff49980ac423b66ecfa) Importer(2089858483,192608db42251d675da83286b1cce702)
Start importing Assets/Scene.assets/_Project/AudioVisual/Preferbs/School/Objects/book3.prefab using Guid(0c6751314cb92ff49980ac423b66ecfa) Importer(2089858483,192608db42251d675da83286b1cce702) (ScriptedImporter) -> (artifact id: 'f4a60608560ae4d7ad700521d51ac39c') in 0.0393682 seconds
Number of updated asset objects reloaded before import = 0Number of asset objects unloaded after import = 8

========================================================================
Received Import Request.
  Time since last request: 0.000028 seconds.
  path: Assets/Scene.assets/_Project/AudioVisual/Preferbs/School/Objects/locker1.prefab
  artifactKey: Guid(7d65db92ee1ad5644a8177816885460b) Importer(2089858483,192608db42251d675da83286b1cce702)
Start importing Assets/Scene.assets/_Project/AudioVisual/Preferbs/School/Objects/locker1.prefab using Guid(7d65db92ee1ad5644a8177816885460b) Importer(2089858483,192608db42251d675da83286b1cce702) (ScriptedImporter) -> (artifact id: '8a32c93f097e3f509143c4a3e0547bcd') in 0.0409292 seconds
Number of updated asset objects reloaded before import = 0Number of asset objects unloaded after import = 10

========================================================================
Received Import Request.
  Time since last request: 0.000020 seconds.
  path: Assets/Scene.assets/_Project/AudioVisual/Preferbs/School/Objects/wall.6.prefab
  artifactKey: Guid(2d0d657c1182735489e24a5ce302b99c) Importer(2089858483,192608db42251d675da83286b1cce702)
Start importing Assets/Scene.assets/_Project/AudioVisual/Preferbs/School/Objects/wall.6.prefab using Guid(2d0d657c1182735489e24a5ce302b99c) Importer(2089858483,192608db42251d675da83286b1cce702) (ScriptedImporter) -> (artifact id: '7142c31755c049c21dc0c33cfad7bb48') in 0.0406091 seconds
Number of updated asset objects reloaded before import = 0Number of asset objects unloaded after import = 9

========================================================================
Received Import Request.
  Time since last request: 0.000039 seconds.
  path: Assets/Scene.assets/_Project/AudioVisual/Preferbs/School/Objects/book8.prefab
  artifactKey: Guid(945770b7f59f57549bb3e854e77a1de0) Importer(2089858483,192608db42251d675da83286b1cce702)
Start importing Assets/Scene.assets/_Project/AudioVisual/Preferbs/School/Objects/book8.prefab using Guid(945770b7f59f57549bb3e854e77a1de0) Importer(2089858483,192608db42251d675da83286b1cce702) (ScriptedImporter) -> (artifact id: '8c0b80ab8f0f935ad6202923d7717ca3') in 0.042066 seconds
Number of updated asset objects reloaded before import = 0Number of asset objects unloaded after import = 8

========================================================================
Received Import Request.
  Time since last request: 0.000028 seconds.
  path: Assets/TextMesh Pro/Examples & Extras/Scripts/TMP_TextSelector_A.cs
  artifactKey: Guid(103e0a6a1d404693b9fb1a5173e0e979) Importer(2089858483,192608db42251d675da83286b1cce702)
Start importing Assets/TextMesh Pro/Examples & Extras/Scripts/TMP_TextSelector_A.cs using Guid(103e0a6a1d404693b9fb1a5173e0e979) Importer(2089858483,192608db42251d675da83286b1cce702) (ScriptedImporter) -> (artifact id: '692c78bac6c8ed9ebd4e0c37c621b97f') in 0.0174683 seconds
Number of updated asset objects reloaded before import = 0Number of asset objects unloaded after import = 0

========================================================================
Received Import Request.
  Time since last request: 0.000016 seconds.
  path: Assets/Scene.assets/_Project/AudioVisual/Preferbs/Patrol points/Point (3).prefab
  artifactKey: Guid(8836bcc05113e62468ef15362bf3d44d) Importer(2089858483,192608db42251d675da83286b1cce702)
Start importing Assets/Scene.assets/_Project/AudioVisual/Preferbs/Patrol points/Point (3).prefab using Guid(8836bcc05113e62468ef15362bf3d44d) Importer(2089858483,192608db42251d675da83286b1cce702) (ScriptedImporter) -> (artifact id: 'c434974b4dc9b499f0b6c47455343732') in 0.0243741 seconds
Number of updated asset objects reloaded before import = 0Number of asset objects unloaded after import = 4

========================================================================
Received Import Request.
  Time since last request: 0.000018 seconds.
  path: Assets/TextMesh Pro/Examples & Extras/Scripts/TMP_TextInfoDebugTool.cs
  artifactKey: Guid(21256c5b62f346f18640dad779911e20) Importer(2089858483,192608db42251d675da83286b1cce702)
Start importing Assets/TextMesh Pro/Examples & Extras/Scripts/TMP_TextInfoDebugTool.cs using Guid(21256c5b62f346f18640dad779911e20) Importer(2089858483,192608db42251d675da83286b1cce702) (ScriptedImporter) -> (artifact id: 'b8658167a1f917a5021e16749435c9aa') in 0.0135919 seconds
Number of updated asset objects reloaded before import = 0Number of asset objects unloaded after import = 0

========================================================================
Received Import Request.
  Time since last request: 0.000027 seconds.
  path: Assets/Scene.assets/_Project/AudioVisual/Preferbs/School/Objects/book11.prefab
  artifactKey: Guid(26790024c0a59a4459d89f66a856faa2) Importer(2089858483,192608db42251d675da83286b1cce702)
Start importing Assets/Scene.assets/_Project/AudioVisual/Preferbs/School/Objects/book11.prefab using Guid(26790024c0a59a4459d89f66a856faa2) Importer(2089858483,192608db42251d675da83286b1cce702) (ScriptedImporter) -> (artifact id: 'f9d6d3cf337cfd3c795c136660c96f60') in 0.0257605 seconds
Number of updated asset objects reloaded before import = 0Number of asset objects unloaded after import = 8

========================================================================
Received Import Request.
  Time since last request: 0.000021 seconds.
  path: Assets/TextMesh Pro/Examples & Extras/Scripts/VertexJitter.cs
  artifactKey: Guid(2ed57967c52645d390a89dcf8f61ba73) Importer(2089858483,192608db42251d675da83286b1cce702)
Start importing Assets/TextMesh Pro/Examples & Extras/Scripts/VertexJitter.cs using Guid(2ed57967c52645d390a89dcf8f61ba73) Importer(2089858483,192608db42251d675da83286b1cce702) (ScriptedImporter) -> (artifact id: '147263bcb4e041390e841fa5a00b4c60') in 0.020544 seconds
Number of updated asset objects reloaded before import = 0Number of asset objects unloaded after import = 0

========================================================================
Received Import Request.
  Time since last request: 0.000040 seconds.
  path: Assets/Scene.assets/_Project/AudioVisual/Preferbs/Altar/Altar (1).prefab
  artifactKey: Guid(ca204ba8308d47147a737cd7ad7957b1) Importer(2089858483,192608db42251d675da83286b1cce702)
Start importing Assets/Scene.assets/_Project/AudioVisual/Preferbs/Altar/Altar (1).prefab using Guid(ca204ba8308d47147a737cd7ad7957b1) Importer(2089858483,192608db42251d675da83286b1cce702) (ScriptedImporter) -> (artifact id: '256da971774c4b61375b63c62f4c13bb') in 0.0452012 seconds
Number of updated asset objects reloaded before import = 0Number of asset objects unloaded after import = 183

========================================================================
Received Import Request.
  Time since last request: 0.000028 seconds.
  path: Assets/TextMesh Pro/Examples & Extras/Resources/Fonts & Materials/Bangers SDF Logo.mat
  artifactKey: Guid(f4e195ac1e204eff960149d1cb34e18c) Importer(2089858483,192608db42251d675da83286b1cce702)
Start importing Assets/TextMesh Pro/Examples & Extras/Resources/Fonts & Materials/Bangers SDF Logo.mat using Guid(f4e195ac1e204eff960149d1cb34e18c) Importer(2089858483,192608db42251d675da83286b1cce702) (ScriptedImporter) -> (artifact id: 'e2362c064c64ae6ba005894e7d430186') in 0.035981 seconds
Number of updated asset objects reloaded before import = 0Number of asset objects unloaded after import = 4

========================================================================
Received Import Request.
  Time since last request: 0.000031 seconds.
  path: Assets/Scene.assets/school/DemoScene/all_objects/ReflectionProbe-0.exr
  artifactKey: Guid(4e8c336aba4935b408ab6be56ca9d154) Importer(2089858483,192608db42251d675da83286b1cce702)
Start importing Assets/Scene.assets/school/DemoScene/all_objects/ReflectionProbe-0.exr using Guid(4e8c336aba4935b408ab6be56ca9d154) Importer(2089858483,192608db42251d675da83286b1cce702) (ScriptedImporter) -> (artifact id: '0037298c08c8459c9caf4e796e1c4a64') in 0.0260902 seconds
Number of updated asset objects reloaded before import = 0Number of asset objects unloaded after import = 1

========================================================================
Received Import Request.
  Time since last request: 0.000020 seconds.
  path: Assets/Scene.assets/_Project/AudioVisual/Preferbs/School/Objects/table1.prefab
  artifactKey: Guid(006691b87ee6ce7429992a2a172ecf29) Importer(2089858483,192608db42251d675da83286b1cce702)
Start importing Assets/Scene.assets/_Project/AudioVisual/Preferbs/School/Objects/table1.prefab using Guid(006691b87ee6ce7429992a2a172ecf29) Importer(2089858483,192608db42251d675da83286b1cce702) (ScriptedImporter) -> (artifact id: '8b9a9c000071d490689474369f4b8101') in 0.036688 seconds
Number of updated asset objects reloaded before import = 0Number of asset objects unloaded after import = 10

========================================================================
Received Import Request.
  Time since last request: 0.000028 seconds.
  path: Assets/Scene.assets/_Project/Scrips/UI/UI_Manager.cs
  artifactKey: Guid(871f61a36cb771b438c0bea5733f110a) Importer(2089858483,192608db42251d675da83286b1cce702)
Start importing Assets/Scene.assets/_Project/Scrips/UI/UI_Manager.cs using Guid(871f61a36cb771b438c0bea5733f110a) Importer(2089858483,192608db42251d675da83286b1cce702) (ScriptedImporter) -> (artifact id: '6c6629c50a1895c8db28b495b8d8da6a') in 0.0169122 seconds
Number of updated asset objects reloaded before import = 0Number of asset objects unloaded after import = 0

========================================================================
Received Import Request.
  Time since last request: 0.000017 seconds.
  path: Assets/TextMesh Pro/Examples & Extras/Textures/Wipe Pattern - Circle.psd
  artifactKey: Guid(10c49fcd9c64421db7c0133e61e55f97) Importer(2089858483,192608db42251d675da83286b1cce702)
Start importing Assets/TextMesh Pro/Examples & Extras/Textures/Wipe Pattern - Circle.psd using Guid(10c49fcd9c64421db7c0133e61e55f97) Importer(2089858483,192608db42251d675da83286b1cce702) (ScriptedImporter) -> (artifact id: '53d37a2c378a7c5b7ec3719bbbe6ca02') in 0.0247899 seconds
Number of updated asset objects reloaded before import = 0Number of asset objects unloaded after import = 1

========================================================================
Received Import Request.
  Time since last request: 0.000017 seconds.
  path: Assets/Scene.assets/_Project/AudioVisual/Preferbs/School/Objects/chair.prefab
  artifactKey: Guid(5a652a60006d6ec46980e623412396f9) Importer(2089858483,192608db42251d675da83286b1cce702)
Start importing Assets/Scene.assets/_Project/AudioVisual/Preferbs/School/Objects/chair.prefab using Guid(5a652a60006d6ec46980e623412396f9) Importer(2089858483,192608db42251d675da83286b1cce702) (ScriptedImporter) -> (artifact id: 'ed5911e8d3904f5add574e4bb8edd94a') in 0.0285199 seconds
Number of updated asset objects reloaded before import = 0Number of asset objects unloaded after import = 10

========================================================================
Received Import Request.
  Time since last request: 0.000055 seconds.
  path: Assets/Scene.assets/_Project/Scrips/Player/ProximitySlowdown.cs
  artifactKey: Guid(40181081a1755e2449871b8bd8e3276e) Importer(2089858483,192608db42251d675da83286b1cce702)
Start importing Assets/Scene.assets/_Project/Scrips/Player/ProximitySlowdown.cs using Guid(40181081a1755e2449871b8bd8e3276e) Importer(2089858483,192608db42251d675da83286b1cce702) (ScriptedImporter) -> (artifact id: '33855cac303f6e24435a7d7a307a6c1c') in 0.0265068 seconds
Number of updated asset objects reloaded before import = 0Number of asset objects unloaded after import = 0

========================================================================
Received Import Request.
  Time since last request: 0.000017 seconds.
  path: Assets/TextMesh Pro/Examples & Extras/Resources/Fonts & Materials/Unity SDF - HDRP LIT - Outline.mat
  artifactKey: Guid(967f61bb1e3e28645a39e0cb647cc79e) Importer(2089858483,192608db42251d675da83286b1cce702)
Start importing Assets/TextMesh Pro/Examples & Extras/Resources/Fonts & Materials/Unity SDF - HDRP LIT - Outline.mat using Guid(967f61bb1e3e28645a39e0cb647cc79e) Importer(2089858483,192608db42251d675da83286b1cce702) (ScriptedImporter) -> (artifact id: 'b55925b09915be4c92989b092c4ee8d7') in 0.0224016 seconds
Number of updated asset objects reloaded before import = 0Number of asset objects unloaded after import = 3

========================================================================
Received Import Request.
  Time since last request: 0.000019 seconds.
  path: Assets/Scene.assets/_Project/AudioVisual/Preferbs/School/Objects/board2_2 1.prefab
  artifactKey: Guid(fe495e6bdadd4254199eb7ad0b26898d) Importer(2089858483,192608db42251d675da83286b1cce702)
Start importing Assets/Scene.assets/_Project/AudioVisual/Preferbs/School/Objects/board2_2 1.prefab using Guid(fe495e6bdadd4254199eb7ad0b26898d) Importer(2089858483,192608db42251d675da83286b1cce702) (ScriptedImporter) -> (artifact id: '6a931e01d0a305dc56ed817f5b52bdd0') in 0.0413227 seconds
Number of updated asset objects reloaded before import = 0Number of asset objects unloaded after import = 8

========================================================================
Received Import Request.
  Time since last request: 0.000034 seconds.
  path: Assets/Scene.assets/_Project/AudioVisual/Preferbs/School/Objects/book13.prefab
  artifactKey: Guid(a2d69f66b9cfcbb41adcd641f6757042) Importer(2089858483,192608db42251d675da83286b1cce702)
Start importing Assets/Scene.assets/_Project/AudioVisual/Preferbs/School/Objects/book13.prefab using Guid(a2d69f66b9cfcbb41adcd641f6757042) Importer(2089858483,192608db42251d675da83286b1cce702) (ScriptedImporter) -> (artifact id: '749f3f3d8c8d9173b55781c8c4d8e910') in 0.0228294 seconds
Number of updated asset objects reloaded before import = 0Number of asset objects unloaded after import = 8

========================================================================
Received Import Request.
  Time since last request: 0.000031 seconds.
  path: Assets/Scene.assets/_Project/AudioVisual/Preferbs/School/Objects/chair1.prefab
  artifactKey: Guid(991e8973513e2ad408232c1afeb3a9df) Importer(2089858483,192608db42251d675da83286b1cce702)
Start importing Assets/Scene.assets/_Project/AudioVisual/Preferbs/School/Objects/chair1.prefab using Guid(991e8973513e2ad408232c1afeb3a9df) Importer(2089858483,192608db42251d675da83286b1cce702) (ScriptedImporter) -> (artifact id: 'd22fc353658f816cd6a9e285ed9c1997') in 0.0322101 seconds
Number of updated asset objects reloaded before import = 0Number of asset objects unloaded after import = 10

========================================================================
Received Import Request.
  Time since last request: 0.000024 seconds.
  path: Assets/TextMesh Pro/Examples & Extras/Resources/Sprite Assets/DropCap Numbers.asset
  artifactKey: Guid(14aa93acbb234d16aaef0e8b46814db6) Importer(2089858483,192608db42251d675da83286b1cce702)
Start importing Assets/TextMesh Pro/Examples & Extras/Resources/Sprite Assets/DropCap Numbers.asset using Guid(14aa93acbb234d16aaef0e8b46814db6) Importer(2089858483,192608db42251d675da83286b1cce702) (ScriptedImporter) -> (artifact id: '42ba3a391ce582b4c4f4f2466b574d95') in 0.0289467 seconds
Number of updated asset objects reloaded before import = 0Number of asset objects unloaded after import = 3

========================================================================
Received Import Request.
  Time since last request: 0.000025 seconds.
  path: Assets/TextMesh Pro/Examples & Extras/Scripts/WarpTextExample.cs
  artifactKey: Guid(790744c462254b7ba8038e6ed28b3db2) Importer(2089858483,192608db42251d675da83286b1cce702)
Start importing Assets/TextMesh Pro/Examples & Extras/Scripts/WarpTextExample.cs using Guid(790744c462254b7ba8038e6ed28b3db2) Importer(2089858483,192608db42251d675da83286b1cce702) (ScriptedImporter) -> (artifact id: '9f20c65494d7726519f5ac0cbb7ad228') in 0.0137378 seconds
Number of updated asset objects reloaded before import = 0Number of asset objects unloaded after import = 0

========================================================================
Received Import Request.
  Time since last request: 0.000023 seconds.
  path: Assets/Scene.assets/_Project/AudioVisual/Preferbs/Altar/Altar (3).prefab
  artifactKey: Guid(f67fb2208007b4245a6b352b48b6f570) Importer(2089858483,192608db42251d675da83286b1cce702)
Start importing Assets/Scene.assets/_Project/AudioVisual/Preferbs/Altar/Altar (3).prefab using Guid(f67fb2208007b4245a6b352b48b6f570) Importer(2089858483,192608db42251d675da83286b1cce702) (ScriptedImporter) -> (artifact id: '4e0210b0c480f60ef6179b594d3ee8f9') in 0.0301465 seconds
Number of updated asset objects reloaded before import = 0Number of asset objects unloaded after import = 183

========================================================================
Received Import Request.
  Time since last request: 0.000018 seconds.
  path: Assets/TextMesh Pro/Examples & Extras/Textures/Floor Cement.jpg
  artifactKey: Guid(283f897e4925411ebbaa758b4cb13fc2) Importer(2089858483,192608db42251d675da83286b1cce702)
Start importing Assets/TextMesh Pro/Examples & Extras/Textures/Floor Cement.jpg using Guid(283f897e4925411ebbaa758b4cb13fc2) Importer(2089858483,192608db42251d675da83286b1cce702) (ScriptedImporter) -> (artifact id: 'f9ac66cad49a1ae6647f6f01914c6818') in 0.023664 seconds
Number of updated asset objects reloaded before import = 0Number of asset objects unloaded after import = 1

========================================================================
Received Import Request.
  Time since last request: 0.000018 seconds.
  path: Assets/Scene.assets/_Project/AudioVisual/Preferbs/School/Objects/showcase.prefab
  artifactKey: Guid(07f95da47d340af46b603c05bffc1cde) Importer(2089858483,192608db42251d675da83286b1cce702)
Start importing Assets/Scene.assets/_Project/AudioVisual/Preferbs/School/Objects/showcase.prefab using Guid(07f95da47d340af46b603c05bffc1cde) Importer(2089858483,192608db42251d675da83286b1cce702) (ScriptedImporter) -> (artifact id: '15f092bf7ab4f02757812c3119070d8a') in 0.0271505 seconds
Number of updated asset objects reloaded before import = 0Number of asset objects unloaded after import = 10

========================================================================
Received Import Request.
  Time since last request: 0.000029 seconds.
  path: Assets/Scene.assets/_Project/AudioVisual/Preferbs/School/Objects/board1.prefab
  artifactKey: Guid(883fda0b73369fe41bc2ed262338a937) Importer(2089858483,192608db42251d675da83286b1cce702)
Start importing Assets/Scene.assets/_Project/AudioVisual/Preferbs/School/Objects/board1.prefab using Guid(883fda0b73369fe41bc2ed262338a937) Importer(2089858483,192608db42251d675da83286b1cce702) (ScriptedImporter) -> (artifact id: 'efedc31e74734ae30ac992a952892762') in 0.0270643 seconds
Number of updated asset objects reloaded before import = 0Number of asset objects unloaded after import = 8

========================================================================
Received Import Request.
  Time since last request: 0.000022 seconds.
  path: Assets/TextMesh Pro/Examples & Extras/Resources/Color Gradient Presets/Light to Dark Green - Vertical.asset
  artifactKey: Guid(5cf8ae092ca54931b443bec5148f3c59) Importer(2089858483,192608db42251d675da83286b1cce702)
Start importing Assets/TextMesh Pro/Examples & Extras/Resources/Color Gradient Presets/Light to Dark Green - Vertical.asset using Guid(5cf8ae092ca54931b443bec5148f3c59) Importer(2089858483,192608db42251d675da83286b1cce702) (ScriptedImporter) -> (artifact id: 'adbf53aa0c39cc6bbac4d4640f18e5b0') in 0.0261957 seconds
Number of updated asset objects reloaded before import = 0Number of asset objects unloaded after import = 1

========================================================================
Received Import Request.
  Time since last request: 0.000016 seconds.
  path: Assets/TextMesh Pro/Examples & Extras/Textures/Gradient Vertical (Color).jpg
  artifactKey: Guid(03d0538de6e24c0f819bfc9ce084dfa9) Importer(2089858483,192608db42251d675da83286b1cce702)
Start importing Assets/TextMesh Pro/Examples & Extras/Textures/Gradient Vertical (Color).jpg using Guid(03d0538de6e24c0f819bfc9ce084dfa9) Importer(2089858483,192608db42251d675da83286b1cce702) (ScriptedImporter) -> (artifact id: 'fd7887d240344c9327009a92aa8b2232') in 0.0251215 seconds
Number of updated asset objects reloaded before import = 0Number of asset objects unloaded after import = 1

========================================================================
Received Import Request.
  Time since last request: 0.000028 seconds.
  path: Assets/TextMesh Pro/Examples & Extras/Textures/Mask Zig-n-Zag.psd
  artifactKey: Guid(bb8dfcd263ad4eb383a33d74a720be6f) Importer(2089858483,192608db42251d675da83286b1cce702)
Start importing Assets/TextMesh Pro/Examples & Extras/Textures/Mask Zig-n-Zag.psd using Guid(bb8dfcd263ad4eb383a33d74a720be6f) Importer(2089858483,192608db42251d675da83286b1cce702) (ScriptedImporter) -> (artifact id: '6dab24c7350a846817c3a4ae833ed796') in 0.0268549 seconds
Number of updated asset objects reloaded before import = 0Number of asset objects unloaded after import = 1

========================================================================
Received Import Request.
  Time since last request: 0.000015 seconds.
  path: Assets/Scene.assets/_Project/AudioVisual/Materia/Enemy.mat
  artifactKey: Guid(decb03938ad3c774db5ddefb0ee225f2) Importer(2089858483,192608db42251d675da83286b1cce702)
Start importing Assets/Scene.assets/_Project/AudioVisual/Materia/Enemy.mat using Guid(decb03938ad3c774db5ddefb0ee225f2) Importer(2089858483,192608db42251d675da83286b1cce702) (ScriptedImporter) -> (artifact id: 'b9c9a1be787c48f57157895894f38746') in 0.023287 seconds
Number of updated asset objects reloaded before import = 0Number of asset objects unloaded after import = 1

========================================================================
Received Import Request.
  Time since last request: 0.000018 seconds.
  path: Assets/TextMesh Pro/Examples & Extras/Resources/Fonts & Materials/Bangers SDF.asset
  artifactKey: Guid(125cb55b44b24c4393181402bc6200e6) Importer(2089858483,192608db42251d675da83286b1cce702)
Start importing Assets/TextMesh Pro/Examples & Extras/Resources/Fonts & Materials/Bangers SDF.asset using Guid(125cb55b44b24c4393181402bc6200e6) Importer(2089858483,192608db42251d675da83286b1cce702) (ScriptedImporter) -> (artifact id: 'ea8a6719e55b5b1213fa33378e85b561') in 0.025602 seconds
Number of updated asset objects reloaded before import = 0Number of asset objects unloaded after import = 5

========================================================================
Received Import Request.
  Time since last request: 0.000100 seconds.
  path: Assets/Scene.assets/_Project/AudioVisual/Preferbs/Strengs/PatrolPoints.prefab
  artifactKey: Guid(ba1053d90c84e754890259119bda5801) Importer(2089858483,192608db42251d675da83286b1cce702)
Start importing Assets/Scene.assets/_Project/AudioVisual/Preferbs/Strengs/PatrolPoints.prefab using Guid(ba1053d90c84e754890259119bda5801) Importer(2089858483,192608db42251d675da83286b1cce702) (ScriptedImporter) -> (artifact id: 'd400b353e3d5f469e4849985ce47d734') in 0.0292298 seconds
Number of updated asset objects reloaded before import = 0Number of asset objects unloaded after import = 22

========================================================================
Received Import Request.
  Time since last request: 0.000018 seconds.
  path: Assets/TextMesh Pro/Examples & Extras/Textures/Sunny Days - Seamless.jpg
  artifactKey: Guid(17c350171f7a3ca479f830547c66d187) Importer(2089858483,192608db42251d675da83286b1cce702)
Start importing Assets/TextMesh Pro/Examples & Extras/Textures/Sunny Days - Seamless.jpg using Guid(17c350171f7a3ca479f830547c66d187) Importer(2089858483,192608db42251d675da83286b1cce702) (ScriptedImporter) -> (artifact id: '9fee3c9c5e6e68f74b76734bf1a653b8') in 0.0223298 seconds
Number of updated asset objects reloaded before import = 0Number of asset objects unloaded after import = 1

========================================================================
Received Import Request.
  Time since last request: 0.000033 seconds.
  path: Assets/Scene.assets/_Project/Scrips/IA/IAPatrol.cs
  artifactKey: Guid(2f0c44d86639d2f439e56f4c63ad4f26) Importer(2089858483,192608db42251d675da83286b1cce702)
Start importing Assets/Scene.assets/_Project/Scrips/IA/IAPatrol.cs using Guid(2f0c44d86639d2f439e56f4c63ad4f26) Importer(2089858483,192608db42251d675da83286b1cce702) (ScriptedImporter) -> (artifact id: 'b77b7fc380043f55944a1a55da6478fd') in 0.0111097 seconds
Number of updated asset objects reloaded before import = 0Number of asset objects unloaded after import = 0

========================================================================
Received Import Request.
  Time since last request: 0.000018 seconds.
  path: Assets/TextMesh Pro/Examples & Extras/Resources/Fonts & Materials/Anton SDF.asset
  artifactKey: Guid(8a89fa14b10d46a99122fd4f73fca9a2) Importer(2089858483,192608db42251d675da83286b1cce702)
Start importing Assets/TextMesh Pro/Examples & Extras/Resources/Fonts & Materials/Anton SDF.asset using Guid(8a89fa14b10d46a99122fd4f73fca9a2) Importer(2089858483,192608db42251d675da83286b1cce702) (ScriptedImporter) -> (artifact id: '2b22d6bab8cf4694028fab0368c9a73a') in 0.027332 seconds
Number of updated asset objects reloaded before import = 0Number of asset objects unloaded after import = 5

========================================================================
Received Import Request.
  Time since last request: 0.000029 seconds.
  path: Assets/TextMesh Pro/Examples & Extras/Resources/Fonts & Materials/LiberationSans SDF - Overlay.mat
  artifactKey: Guid(9ad269c99dcf42b7aedefd83dd5a7b9d) Importer(2089858483,192608db42251d675da83286b1cce702)
Start importing Assets/TextMesh Pro/Examples & Extras/Resources/Fonts & Materials/LiberationSans SDF - Overlay.mat using Guid(9ad269c99dcf42b7aedefd83dd5a7b9d) Importer(2089858483,192608db42251d675da83286b1cce702) (ScriptedImporter) -> (artifact id: '13beb451a0cb927e6ff4b10cb5431c22') in 0.0256414 seconds
Number of updated asset objects reloaded before import = 0Number of asset objects unloaded after import = 2

========================================================================
Received Import Request.
  Time since last request: 0.000019 seconds.
  path: Assets/Scene.assets/_Project/AudioVisual/Preferbs/School/Objects/book9.prefab
  artifactKey: Guid(d74135662f1cf2049b7ad36d7a117892) Importer(2089858483,192608db42251d675da83286b1cce702)
Start importing Assets/Scene.assets/_Project/AudioVisual/Preferbs/School/Objects/book9.prefab using Guid(d74135662f1cf2049b7ad36d7a117892) Importer(2089858483,192608db42251d675da83286b1cce702) (ScriptedImporter) -> (artifact id: 'aade58d7dc7efefc30b243c56ea85f95') in 0.0322883 seconds
Number of updated asset objects reloaded before import = 0Number of asset objects unloaded after import = 8

========================================================================
Received Import Request.
  Time since last request: 0.000022 seconds.
  path: Assets/Scene.assets/_Project/Scrips/Altar/Altar.cs
  artifactKey: Guid(194f286ddf5deb746a7a3bf716a914a6) Importer(2089858483,192608db42251d675da83286b1cce702)
Start importing Assets/Scene.assets/_Project/Scrips/Altar/Altar.cs using Guid(194f286ddf5deb746a7a3bf716a914a6) Importer(2089858483,192608db42251d675da83286b1cce702) (ScriptedImporter) -> (artifact id: 'bda338d9d327b867b939d7bfe1682776') in 0.0175297 seconds
Number of updated asset objects reloaded before import = 0Number of asset objects unloaded after import = 0

========================================================================
Received Import Request.
  Time since last request: 0.000027 seconds.
  path: Assets/TextMesh Pro/Examples & Extras/Resources/Fonts & Materials/Anton SDF - Outline.mat
  artifactKey: Guid(a00013af81304728b2be1f4309ee2433) Importer(2089858483,192608db42251d675da83286b1cce702)
Start importing Assets/TextMesh Pro/Examples & Extras/Resources/Fonts & Materials/Anton SDF - Outline.mat using Guid(a00013af81304728b2be1f4309ee2433) Importer(2089858483,192608db42251d675da83286b1cce702) (ScriptedImporter) -> (artifact id: 'af881958740abde28826867526bc9d6e') in 0.022932 seconds
Number of updated asset objects reloaded before import = 0Number of asset objects unloaded after import = 2

========================================================================
Received Import Request.
  Time since last request: 0.000017 seconds.
  path: Assets/Scene.assets/_Project/AudioVisual/Preferbs/School/Objects/a laptop.prefab
  artifactKey: Guid(ec15f5ae191975f4d8de236356aaec36) Importer(2089858483,192608db42251d675da83286b1cce702)
Start importing Assets/Scene.assets/_Project/AudioVisual/Preferbs/School/Objects/a laptop.prefab using Guid(ec15f5ae191975f4d8de236356aaec36) Importer(2089858483,192608db42251d675da83286b1cce702) (ScriptedImporter) -> (artifact id: 'b52b445f841f7c649f319348c45b5208') in 0.0263737 seconds
Number of updated asset objects reloaded before import = 0Number of asset objects unloaded after import = 8

========================================================================
Received Import Request.
  Time since last request: 0.000016 seconds.
  path: Assets/Scene.assets/_Project/AudioVisual/Preferbs/School/Objects/wall.4.prefab
  artifactKey: Guid(288b229db858c114299d1bf70ffc95cd) Importer(2089858483,192608db42251d675da83286b1cce702)
Start importing Assets/Scene.assets/_Project/AudioVisual/Preferbs/School/Objects/wall.4.prefab using Guid(288b229db858c114299d1bf70ffc95cd) Importer(2089858483,192608db42251d675da83286b1cce702) (ScriptedImporter) -> (artifact id: 'b3f79fa850026ca5a40f5542b94c42fe') in 0.0251744 seconds
Number of updated asset objects reloaded before import = 0Number of asset objects unloaded after import = 9

========================================================================
Received Import Request.
  Time since last request: 0.000018 seconds.
  path: Assets/TextMesh Pro/Examples & Extras/Scripts/VertexShakeA.cs
  artifactKey: Guid(f7cfa58e417a46ea8889989684c2522e) Importer(2089858483,192608db42251d675da83286b1cce702)
Start importing Assets/TextMesh Pro/Examples & Extras/Scripts/VertexShakeA.cs using Guid(f7cfa58e417a46ea8889989684c2522e) Importer(2089858483,192608db42251d675da83286b1cce702) (ScriptedImporter) -> (artifact id: '53aa9f246315b7aaa0e66b6985e9ab9a') in 0.0117472 seconds
Number of updated asset objects reloaded before import = 0Number of asset objects unloaded after import = 0

========================================================================
Received Import Request.
  Time since last request: 0.000027 seconds.
  path: Assets/Scene.assets/_Project/AudioVisual/Preferbs/Strengs/Canvas.prefab
  artifactKey: Guid(0f769dd58115ca04789f69672da145e5) Importer(2089858483,192608db42251d675da83286b1cce702)
Start importing Assets/Scene.assets/_Project/AudioVisual/Preferbs/Strengs/Canvas.prefab using Guid(0f769dd58115ca04789f69672da145e5) Importer(2089858483,192608db42251d675da83286b1cce702) (ScriptedImporter) -> (artifact id: '273c7ab938f5b3a718ee38e8e9b50b97') in 0.0296477 seconds
Number of updated asset objects reloaded before import = 0Number of asset objects unloaded after import = 7

========================================================================
Received Import Request.
  Time since last request: 0.000023 seconds.
  path: Assets/Scene.assets/_Project/AudioVisual/Preferbs/School/Objects/locker_2.prefab
  artifactKey: Guid(62b11dd993aa50e42a0890a734908161) Importer(2089858483,192608db42251d675da83286b1cce702)
Start importing Assets/Scene.assets/_Project/AudioVisual/Preferbs/School/Objects/locker_2.prefab using Guid(62b11dd993aa50e42a0890a734908161) Importer(2089858483,192608db42251d675da83286b1cce702) (ScriptedImporter) -> (artifact id: 'f2b4bd97321dcde28cec025459b43d8e') in 0.0291762 seconds
Number of updated asset objects reloaded before import = 0Number of asset objects unloaded after import = 9

========================================================================
Received Import Request.
  Time since last request: 0.000017 seconds.
  path: Assets/TextMesh Pro/Examples & Extras/Scripts/TMP_TextEventHandler.cs
  artifactKey: Guid(1312ae25639a4bae8e25ae223209cc50) Importer(2089858483,192608db42251d675da83286b1cce702)
Start importing Assets/TextMesh Pro/Examples & Extras/Scripts/TMP_TextEventHandler.cs using Guid(1312ae25639a4bae8e25ae223209cc50) Importer(2089858483,192608db42251d675da83286b1cce702) (ScriptedImporter) -> (artifact id: 'da79ab266d8a21f6687bca7f5193d48c') in 0.0148257 seconds
Number of updated asset objects reloaded before import = 0Number of asset objects unloaded after import = 0

========================================================================
Received Import Request.
  Time since last request: 0.000018 seconds.
  path: Assets/Scene.assets/school/DemoScene/all_objects/LightingData.asset
  artifactKey: Guid(4dc69c29e65113d4baa2fc06ed6a468b) Importer(2089858483,192608db42251d675da83286b1cce702)
Start importing Assets/Scene.assets/school/DemoScene/all_objects/LightingData.asset using Guid(4dc69c29e65113d4baa2fc06ed6a468b) Importer(2089858483,192608db42251d675da83286b1cce702) (ScriptedImporter) -> (artifact id: '25f577549ce93aacd3a1641cdfe6a067') in 0.0887069 seconds
Number of updated asset objects reloaded before import = 0Number of asset objects unloaded after import = 2

========================================================================
Received Import Request.
  Time since last request: 0.000027 seconds.
  path: Assets/TextMesh Pro/Examples & Extras/Scenes/28 - HDRP Shader Example/Sky and Fog Volume Profile.asset
  artifactKey: Guid(83ba2e375bed45f48bce43e5a5f7c88a) Importer(2089858483,192608db42251d675da83286b1cce702)
Start importing Assets/TextMesh Pro/Examples & Extras/Scenes/28 - HDRP Shader Example/Sky and Fog Volume Profile.asset using Guid(83ba2e375bed45f48bce43e5a5f7c88a) Importer(2089858483,192608db42251d675da83286b1cce702) (ScriptedImporter) -> (artifact id: '5f6224cb964b761aecedf2257c2d788d') in 0.0141172 seconds
Number of updated asset objects reloaded before import = 0Number of asset objects unloaded after import = 1

========================================================================
Received Import Request.
  Time since last request: 0.000014 seconds.
  path: Assets/Scene.assets/_Project/AudioVisual/Preferbs/Patrol points/Point (7).prefab
  artifactKey: Guid(158886e58adf2db409c659ba4cbb9a5d) Importer(2089858483,192608db42251d675da83286b1cce702)
Start importing Assets/Scene.assets/_Project/AudioVisual/Preferbs/Patrol points/Point (7).prefab using Guid(158886e58adf2db409c659ba4cbb9a5d) Importer(2089858483,192608db42251d675da83286b1cce702) (ScriptedImporter) -> (artifact id: '3ec881a31947300ef579d829faa9fb05') in 0.0204761 seconds
Number of updated asset objects reloaded before import = 0Number of asset objects unloaded after import = 4

========================================================================
Received Import Request.
  Time since last request: 0.000018 seconds.
  path: Assets/TextMesh Pro/Examples & Extras/Scripts/VertexShakeB.cs
  artifactKey: Guid(e4e0d9ccee5f4950be8979268c9014e0) Importer(2089858483,192608db42251d675da83286b1cce702)
Start importing Assets/TextMesh Pro/Examples & Extras/Scripts/VertexShakeB.cs using Guid(e4e0d9ccee5f4950be8979268c9014e0) Importer(2089858483,192608db42251d675da83286b1cce702) (ScriptedImporter) -> (artifact id: '43180a0f2d7c7c7f60abcc08fd0e01de') in 0.0138128 seconds
Number of updated asset objects reloaded before import = 0Number of asset objects unloaded after import = 0

========================================================================
Received Import Request.
  Time since last request: 0.000019 seconds.
  path: Assets/TextMesh Pro/Examples & Extras/Resources/Fonts & Materials/Bangers SDF - Drop Shadow.mat
  artifactKey: Guid(f2dcf029949142e28b974630369c8b4e) Importer(2089858483,192608db42251d675da83286b1cce702)
Start importing Assets/TextMesh Pro/Examples & Extras/Resources/Fonts & Materials/Bangers SDF - Drop Shadow.mat using Guid(f2dcf029949142e28b974630369c8b4e) Importer(2089858483,192608db42251d675da83286b1cce702) (ScriptedImporter) -> (artifact id: 'da4f43e9d6179df7501259be9262066c') in 0.0241629 seconds
Number of updated asset objects reloaded before import = 0Number of asset objects unloaded after import = 2

========================================================================
Received Import Request.
  Time since last request: 0.000029 seconds.
  path: Assets/TextMesh Pro/Examples & Extras/Textures/Text Overflow - Linked Text Image 1.png
  artifactKey: Guid(4ccf43d26c4748c792174516f4a8fcef) Importer(2089858483,192608db42251d675da83286b1cce702)
Start importing Assets/TextMesh Pro/Examples & Extras/Textures/Text Overflow - Linked Text Image 1.png using Guid(4ccf43d26c4748c792174516f4a8fcef) Importer(2089858483,192608db42251d675da83286b1cce702) (ScriptedImporter) -> (artifact id: '99c2b97e2d0387518c4ce96e16bbfa73') in 0.0223368 seconds
Number of updated asset objects reloaded before import = 0Number of asset objects unloaded after import = 1

========================================================================
Received Import Request.
  Time since last request: 0.000016 seconds.
  path: Assets/TextMesh Pro/Examples & Extras/Resources/Fonts & Materials/LiberationSans SDF - Metalic Green.mat
  artifactKey: Guid(8b29aaa3eec7468097ff07adfcf29ac9) Importer(2089858483,192608db42251d675da83286b1cce702)
Start importing Assets/TextMesh Pro/Examples & Extras/Resources/Fonts & Materials/LiberationSans SDF - Metalic Green.mat using Guid(8b29aaa3eec7468097ff07adfcf29ac9) Importer(2089858483,192608db42251d675da83286b1cce702) (ScriptedImporter) -> (artifact id: 'c0f258d1ef20634dd96684920985a382') in 0.0257162 seconds
Number of updated asset objects reloaded before import = 0Number of asset objects unloaded after import = 4

========================================================================
Received Import Request.
  Time since last request: 0.000020 seconds.
  path: Assets/Scene.assets/_Project/AudioVisual/Preferbs/School/Objects/board2_2 (1).prefab
  artifactKey: Guid(a92085e8cbdc326489fbf320d2c745d4) Importer(2089858483,192608db42251d675da83286b1cce702)
Start importing Assets/Scene.assets/_Project/AudioVisual/Preferbs/School/Objects/board2_2 (1).prefab using Guid(a92085e8cbdc326489fbf320d2c745d4) Importer(2089858483,192608db42251d675da83286b1cce702) (ScriptedImporter) -> (artifact id: 'ddc29334180b41207a3f864670fb7573') in 0.0235365 seconds
Number of updated asset objects reloaded before import = 0Number of asset objects unloaded after import = 8

========================================================================
Received Import Request.
  Time since last request: 0.000023 seconds.
  path: Assets/Scene.assets/_Project/AudioVisual/Preferbs/Patrol points/Point (9).prefab
  artifactKey: Guid(11024153c53c27343b3c26d82dc5bfae) Importer(2089858483,192608db42251d675da83286b1cce702)
Start importing Assets/Scene.assets/_Project/AudioVisual/Preferbs/Patrol points/Point (9).prefab using Guid(11024153c53c27343b3c26d82dc5bfae) Importer(2089858483,192608db42251d675da83286b1cce702) (ScriptedImporter) -> (artifact id: '5cad48b15038445dfa0147a117dcd01b') in 0.0185313 seconds
Number of updated asset objects reloaded before import = 0Number of asset objects unloaded after import = 4

========================================================================
Received Import Request.
  Time since last request: 0.000031 seconds.
  path: Assets/TextMesh Pro/Examples & Extras/Resources/Sprite Assets/Default Sprite Asset.asset
  artifactKey: Guid(fbef3c704dce48f08a44612d6c856c8d) Importer(2089858483,192608db42251d675da83286b1cce702)
Start importing Assets/TextMesh Pro/Examples & Extras/Resources/Sprite Assets/Default Sprite Asset.asset using Guid(fbef3c704dce48f08a44612d6c856c8d) Importer(2089858483,192608db42251d675da83286b1cce702) (ScriptedImporter) -> (artifact id: '1a137270646f7fd184cbe42d0a2ce0da') in 0.0209802 seconds
Number of updated asset objects reloaded before import = 0Number of asset objects unloaded after import = 3

========================================================================
Received Import Request.
  Time since last request: 0.000016 seconds.
  path: Assets/TextMesh Pro/Examples & Extras/Scripts/TMP_TextSelector_B.cs
  artifactKey: Guid(a05dcd8be7ec4ccbb35c26219884aa37) Importer(2089858483,192608db42251d675da83286b1cce702)
Start importing Assets/TextMesh Pro/Examples & Extras/Scripts/TMP_TextSelector_B.cs using Guid(a05dcd8be7ec4ccbb35c26219884aa37) Importer(2089858483,192608db42251d675da83286b1cce702) (ScriptedImporter) -> (artifact id: 'ec9fe3901fa0d4186e3055439b41669e') in 0.012967 seconds
Number of updated asset objects reloaded before import = 0Number of asset objects unloaded after import = 0

========================================================================
Received Import Request.
  Time since last request: 0.000012 seconds.
  path: Assets/TextMesh Pro/Examples & Extras/Scripts/TMP_TextEventCheck.cs
  artifactKey: Guid(d736ce056cf444ca96e424f4d9c42b76) Importer(2089858483,192608db42251d675da83286b1cce702)
Start importing Assets/TextMesh Pro/Examples & Extras/Scripts/TMP_TextEventCheck.cs using Guid(d736ce056cf444ca96e424f4d9c42b76) Importer(2089858483,192608db42251d675da83286b1cce702) (ScriptedImporter) -> (artifact id: 'fd9beba311627b25ecc033e5cc28f980') in 0.0143428 seconds
Number of updated asset objects reloaded before import = 0Number of asset objects unloaded after import = 0

========================================================================
Received Import Request.
  Time since last request: 0.000040 seconds.
  path: Assets/TextMesh Pro/Examples & Extras/Textures/Floor Tiles 1 - diffuse.jpg
  artifactKey: Guid(85ac55597b97403c82fc6601a93cf241) Importer(2089858483,192608db42251d675da83286b1cce702)
Start importing Assets/TextMesh Pro/Examples & Extras/Textures/Floor Tiles 1 - diffuse.jpg using Guid(85ac55597b97403c82fc6601a93cf241) Importer(2089858483,192608db42251d675da83286b1cce702) (ScriptedImporter) -> (artifact id: '627f9c9c9abcc9c19fa312a3eb9fb11c') in 0.0145712 seconds
Number of updated asset objects reloaded before import = 0Number of asset objects unloaded after import = 1

========================================================================
Received Import Request.
  Time since last request: 0.000031 seconds.
  path: Assets/Scene.assets/_Project/AudioVisual/Preferbs/School/Objects/sheet2.prefab
  artifactKey: Guid(8e7a095165f9b1042be929150f3913f0) Importer(2089858483,192608db42251d675da83286b1cce702)
Start importing Assets/Scene.assets/_Project/AudioVisual/Preferbs/School/Objects/sheet2.prefab using Guid(8e7a095165f9b1042be929150f3913f0) Importer(2089858483,192608db42251d675da83286b1cce702) (ScriptedImporter) -> (artifact id: '3fa9f2864d39baf3b04ee50d8f80a3fb') in 0.0246142 seconds
Number of updated asset objects reloaded before import = 0Number of asset objects unloaded after import = 8

========================================================================
Received Import Request.
  Time since last request: 0.000019 seconds.
  path: Assets/Scene.assets/_Project/AudioVisual/Preferbs/School/Objects/wall.2.prefab
  artifactKey: Guid(7218b9728928b894eb1799b26af67733) Importer(2089858483,192608db42251d675da83286b1cce702)
Start importing Assets/Scene.assets/_Project/AudioVisual/Preferbs/School/Objects/wall.2.prefab using Guid(7218b9728928b894eb1799b26af67733) Importer(2089858483,192608db42251d675da83286b1cce702) (ScriptedImporter) -> (artifact id: '1fd2fd6eed15807c06e7b3ccbebad2ff') in 0.0282702 seconds
Number of updated asset objects reloaded before import = 0Number of asset objects unloaded after import = 15

========================================================================
Received Import Request.
  Time since last request: 0.000019 seconds.
  path: Assets/Scene.assets/_Project/AudioVisual/Preferbs/School/Objects/doroga.prefab
  artifactKey: Guid(5b97ca6353ad429419598d36d1a55e6d) Importer(2089858483,192608db42251d675da83286b1cce702)
Start importing Assets/Scene.assets/_Project/AudioVisual/Preferbs/School/Objects/doroga.prefab using Guid(5b97ca6353ad429419598d36d1a55e6d) Importer(2089858483,192608db42251d675da83286b1cce702) (ScriptedImporter) -> (artifact id: '30c3d9a55ae34e1a3083a9a3e12d0d23') in 0.0254882 seconds
Number of updated asset objects reloaded before import = 0Number of asset objects unloaded after import = 9

========================================================================
Received Import Request.
  Time since last request: 0.000024 seconds.
  path: Assets/Scene.assets/_Project/AudioVisual/Preferbs/School/Objects/a door.prefab
  artifactKey: Guid(c46afe706fb2cde4883f7afaeaa67a78) Importer(2089858483,192608db42251d675da83286b1cce702)
Start importing Assets/Scene.assets/_Project/AudioVisual/Preferbs/School/Objects/a door.prefab using Guid(c46afe706fb2cde4883f7afaeaa67a78) Importer(2089858483,192608db42251d675da83286b1cce702) (ScriptedImporter) -> (artifact id: '49365b865bfa605a44fd5a7d1abb6603') in 0.0210306 seconds
Number of updated asset objects reloaded before import = 0Number of asset objects unloaded after import = 15

========================================================================
Received Import Request.
  Time since last request: 0.000029 seconds.
  path: Assets/Scene.assets/_Project/AudioVisual/Preferbs/School/Objects/book12.prefab
  artifactKey: Guid(70c302f8c134149459c53486998e3785) Importer(2089858483,192608db42251d675da83286b1cce702)
Start importing Assets/Scene.assets/_Project/AudioVisual/Preferbs/School/Objects/book12.prefab using Guid(70c302f8c134149459c53486998e3785) Importer(2089858483,192608db42251d675da83286b1cce702) (ScriptedImporter) -> (artifact id: '180d8dc12ec1f34fff449d194fdace78') in 0.0339013 seconds
Number of updated asset objects reloaded before import = 0Number of asset objects unloaded after import = 8

========================================================================
Received Import Request.
  Time since last request: 0.000023 seconds.
  path: Assets/Scene.assets/_Project/AudioVisual/Preferbs/Altar/Altar (4).prefab
  artifactKey: Guid(33431b05d605cef4c86a9fb91f124a60) Importer(815301076,1909f56bfc062723c751e8b465ee728b)
Start importing Assets/Scene.assets/_Project/AudioVisual/Preferbs/Altar/Altar (4).prefab using Guid(33431b05d605cef4c86a9fb91f124a60) Importer(815301076,1909f56bfc062723c751e8b465ee728b) (PreviewImporter) -> (artifact id: '1afe86eba3cdc402f405f43567d92532') in 3.1716598 seconds
Number of updated asset objects reloaded before import = 0Number of asset objects unloaded after import = 343

========================================================================
Received Import Request.
  Time since last request: 82.632206 seconds.
  path: Assets/Scene.assets/_Project/AudioVisual/Preferbs/Empt/Ch31_1001_Diffuse.png
  artifactKey: Guid(3452813785bfda340b31904a42339f68) Importer(815301076,1909f56bfc062723c751e8b465ee728b)
Start importing Assets/Scene.assets/_Project/AudioVisual/Preferbs/Empt/Ch31_1001_Diffuse.png using Guid(3452813785bfda340b31904a42339f68) Importer(815301076,1909f56bfc062723c751e8b465ee728b) (PreviewImporter) -> (artifact id: '1182961da9807d180bc86701cac9938a') in 0.0269899 seconds
Number of updated asset objects reloaded before import = 0Number of asset objects unloaded after import = 2

========================================================================
Received Import Request.
  Time since last request: 0.000064 seconds.
  path: Assets/Scene.assets/_Project/AudioVisual/Preferbs/Empt/Ch31_1001_Specular.png
  artifactKey: Guid(ccf2992ead7e2d746992a3b799ad45bc) Importer(815301076,1909f56bfc062723c751e8b465ee728b)
Start importing Assets/Scene.assets/_Project/AudioVisual/Preferbs/Empt/Ch31_1001_Specular.png using Guid(ccf2992ead7e2d746992a3b799ad45bc) Importer(815301076,1909f56bfc062723c751e8b465ee728b) (PreviewImporter) -> (artifact id: '999bd3eafc3e31a57d9f0fe26fcff0d6') in 0.0148505 seconds
Number of updated asset objects reloaded before import = 0Number of asset objects unloaded after import = 2

========================================================================
Received Import Request.
  Time since last request: 0.000051 seconds.
  path: Assets/Scene.assets/_Project/AudioVisual/Preferbs/Empt/Player.prefab
  artifactKey: Guid(bd0466968fb81934eb3cb6b943779f2c) Importer(815301076,1909f56bfc062723c751e8b465ee728b)
Start importing Assets/Scene.assets/_Project/AudioVisual/Preferbs/Empt/Player.prefab using Guid(bd0466968fb81934eb3cb6b943779f2c) Importer(815301076,1909f56bfc062723c751e8b465ee728b) (PreviewImporter) -> (artifact id: '10a3fb4d8db2ae8f0d8a0f346c59faa8') in 5.4697043 seconds
Number of updated asset objects reloaded before import = 0Number of asset objects unloaded after import = 334

========================================================================
Received Import Request.
  Time since last request: 0.000035 seconds.
  path: Assets/Scene.assets/_Project/AudioVisual/Preferbs/Empt/Ch31_1001_Diffuse.png
  artifactKey: Guid(3452813785bfda340b31904a42339f68) Importer(2089858483,192608db42251d675da83286b1cce702)
Start importing Assets/Scene.assets/_Project/AudioVisual/Preferbs/Empt/Ch31_1001_Diffuse.png using Guid(3452813785bfda340b31904a42339f68) Importer(2089858483,192608db42251d675da83286b1cce702) (ScriptedImporter) -> (artifact id: '1e80eb276de2189bb74bc0d9ea637adb') in 0.0259125 seconds
Number of updated asset objects reloaded before import = 0Number of asset objects unloaded after import = 1

========================================================================
Received Import Request.
  Time since last request: 0.000034 seconds.
  path: Assets/Scene.assets/_Project/AudioVisual/Preferbs/Empt/Ch31_1002_Diffuse.png
  artifactKey: Guid(34a6e8c3b1bf98c43b6134d17ea8d488) Importer(815301076,1909f56bfc062723c751e8b465ee728b)
Start importing Assets/Scene.assets/_Project/AudioVisual/Preferbs/Empt/Ch31_1002_Diffuse.png using Guid(34a6e8c3b1bf98c43b6134d17ea8d488) Importer(815301076,1909f56bfc062723c751e8b465ee728b) (PreviewImporter) -> (artifact id: 'ffca44fa52a2eb751ad1d4c36708fec2') in 0.0279759 seconds
Number of updated asset objects reloaded before import = 0Number of asset objects unloaded after import = 2

========================================================================
Received Import Request.
  Time since last request: 0.000023 seconds.
  path: Assets/Scene.assets/_Project/AudioVisual/Preferbs/Empt/Ch31_1001_Glossiness.png
  artifactKey: Guid(2cb8cadd36c715f478faee5bff4e98da) Importer(815301076,1909f56bfc062723c751e8b465ee728b)
Start importing Assets/Scene.assets/_Project/AudioVisual/Preferbs/Empt/Ch31_1001_Glossiness.png using Guid(2cb8cadd36c715f478faee5bff4e98da) Importer(815301076,1909f56bfc062723c751e8b465ee728b) (PreviewImporter) -> (artifact id: '92069312b166a00c3eb8a7fc511c3d44') in 0.0155212 seconds
Number of updated asset objects reloaded before import = 0Number of asset objects unloaded after import = 2

========================================================================
Received Import Request.
  Time since last request: 0.000025 seconds.
  path: Assets/Scene.assets/_Project/AudioVisual/Preferbs/Empt/Ch31_1001_Normal.png
  artifactKey: Guid(a0edc90b247c52d40af47191cef9d07c) Importer(815301076,1909f56bfc062723c751e8b465ee728b)
Start importing Assets/Scene.assets/_Project/AudioVisual/Preferbs/Empt/Ch31_1001_Normal.png using Guid(a0edc90b247c52d40af47191cef9d07c) Importer(815301076,1909f56bfc062723c751e8b465ee728b) (PreviewImporter) -> (artifact id: 'da61e8d7b23ec2be66309e84af006861') in 0.0163647 seconds
Number of updated asset objects reloaded before import = 0Number of asset objects unloaded after import = 2

========================================================================
Received Import Request.
  Time since last request: 40.767490 seconds.
  path: Assets/Scene.assets/_Project/AudioVisual/Preferbs/Empt/Player.prefab
  artifactKey: Guid(bd0466968fb81934eb3cb6b943779f2c) Importer(815301076,1909f56bfc062723c751e8b465ee728b)
Start importing Assets/Scene.assets/_Project/AudioVisual/Preferbs/Empt/Player.prefab using Guid(bd0466968fb81934eb3cb6b943779f2c) Importer(815301076,1909f56bfc062723c751e8b465ee728b) (PreviewImporter) -> (artifact id: 'f0ce67c20126d546dd10bc7259d68ea3') in 0.0438495 seconds
Number of updated asset objects reloaded before import = 0Number of asset objects unloaded after import = 334

========================================================================
Received Import Request.
  Time since last request: 9.109277 seconds.
  path: Assets/Scene.assets/_Project/AudioVisual/Preferbs/Empt/Ch31_1001_Normal.png
  artifactKey: Guid(a0edc90b247c52d40af47191cef9d07c) Importer(815301076,1909f56bfc062723c751e8b465ee728b)
Start importing Assets/Scene.assets/_Project/AudioVisual/Preferbs/Empt/Ch31_1001_Normal.png using Guid(a0edc90b247c52d40af47191cef9d07c) Importer(815301076,1909f56bfc062723c751e8b465ee728b) (PreviewImporter) -> (artifact id: '79f06c3b8769b77c0194c2ebb238987d') in 0.0266254 seconds
Number of updated asset objects reloaded before import = 0Number of asset objects unloaded after import = 2

Editor requested this worker to shutdown with reason: Scaling down because of idle timeout
AssetImportWorker is now disconnected from the server
Process exiting
Exiting without the bug reporter. Application will terminate with return code 0